"corpus-1-humain.csv",2252,"1 journaliste","Éric Leblanc","une chronique sportive",2022-07-12,"https://www.rds.ca/hockey/canadiens/mailloux-assure-tout-faire-pour-devenir-une-meilleure-personne-1.15953395","CH : Logan Mailloux assure tout faire pour devenir une meilleure personne","Human","0.0","0.0","1.0"
"corpus-1-humain.csv",2139,"1 journaliste","Éric Leblanc","une chronique sportive",2023-01-18,"https://www.rds.ca/hockey/canadiens/pas-evident-de-trouver-l-equilibre-1.16527718","Canadien : le directeur général Kent Hughes a dressé son bilan de l'équipe à la mi-saison","Human","0.0","0.0","1.0"
"corpus-1-humain.csv",2195,"1 journaliste","Éric Leblanc","une chronique sportive",2023-01-18,"https://www.rds.ca/hockey/owen-beck-a-maintenant-montreal-en-tete-1.16527053","Espoirs des Canadiens : Owen Beck a maintenant Montréal en tête","Human","0.0","0.0","1.0"
"corpus-1-humain.csv",3705,"1 journaliste","Améli Pineda","un reportage judiciaire",2021-05-20,"https://www.ledevoir.com/societe/586670/justice-un-pas-de-plus-vers-la-protection-des-victimes-de-violence-conjugale","Un pas de plus vers la protection des victimes de violence conjugale","Human","0.0","0.0","1.0"
"corpus-1-humain.csv",4082,"1 journaliste","Améli Pineda","un reportage judiciaire",2021-06-16,"https://www.ledevoir.com/societe/sante/586996/amendes-salees-les-opposants-au-masque-veulent-les-contester","Les opposants au port du masque veulent contester les constats d’infraction","Human","0.0","0.0","1.0"
"corpus-1-humain.csv",2664,"1 journaliste","Éric Leblanc","une chronique sportive",2022-08-14,"https://www.rds.ca/hockey/lnh/apres-le-choc-david-perron-doit-se-rejouir-1.15985564","Après le choc, David Perron doit se réjouir","Human","0.0","0.0","1.0"
"corpus-1-humain.csv",2022,"1 journaliste","Éric Leblanc","une chronique sportive",2022-11-13,"https://www.rds.ca/football/alouettes/matte-emotif-des-changements-a-prevoir-1.16391437","Alouettes : les changements à prévoir rendent Matte émotif","Human","0.0","0.0","1.0"
"corpus-1-humain.csv",2702,"1 journaliste","Éric Leblanc","une chronique sportive",2022-08-04,"https://www.rds.ca/football/alouettes/les-alouettes-s-ecrasent-au-quatrieme-quart-1.15978997","LCF : Les Alouettes s'écrasent au quatrième quart devant les Blue Bombers, qui sont invaincus","Human","0.0","0.0","1.0"
"corpus-1-humain.csv",3981,"1 journaliste","Améli Pineda","un reportage judiciaire",2020-04-02,"https://www.ledevoir.com/societe/585937/upac-l-ex-commissaire-temoigne-au-proces-de-son-ex-bras-droit","Robert Lafrenière assure ne pas avoir quitté l’UPAC à cause de Guy Ouellette","Human","0.0","0.0","1.0"
"corpus-1-humain.csv",3838,"1 journaliste","Améli Pineda","un reportage judiciaire",2021-07-21,"https://www.ledevoir.com/societe/574712/budget-reactions-violence-faite-aux-femmes","Les besoins des femmes violentées restent immenses","Human","0.0","0.0","1.0"
"corpus-1-humain.csv",3805,"1 journaliste","Améli Pineda","un reportage judiciaire",2021-04-16,"https://www.ledevoir.com/politique/quebec/594895/erreur-sur-la-personne-quebec-declenche-une-enquete-independante-sur-l-affaire-camara","Mamadi Camara s'avoue déçu par les deux enquêtes annoncées","Human","0.0","0.0","1.0"
"corpus-1-humain.csv",4139,"1 journaliste","Améli Pineda","un reportage judiciaire",2020-03-31,"https://www.ledevoir.com/societe/589799/profilage-racial-la-police-de-repentigny-se-veut-plus-inclusive","La police de Repentigny se veut plus inclusive","Human","0.0","0.0","1.0"
"corpus-1-humain.csv",3779,"1 journaliste","Améli Pineda","un reportage judiciaire",2021-04-08,"https://www.ledevoir.com/societe/587599/poursuite-quebec-jean-charest","Jean Charest poursuit Québec pour violation de sa vie privée","Human","0.0","0.0","1.0"
"corpus-1-humain.csv",3830,"1 journaliste","Améli Pineda","un reportage judiciaire",2020-12-04,"https://www.ledevoir.com/societe/582598/violence-conjugale-inquietudes-face-a-un-tueur-qui-ecope-d-au-moins-13-ans-de-penitencier","Inquiétudes face à un tueur qui écope d’au moins 13 ans de pénitencier","Human","0.0","0.0","1.0"
"corpus-1-humain.csv",3879,"1 journaliste","Améli Pineda","un reportage judiciaire",2021-07-28,"https://www.ledevoir.com/societe/594612/mort-de-bony-jean-pierre-le-policier-christian-gilbert-acquitte","Un policier acquitté dans l’affaire Bony Jean-Pierre","Human","0.0","0.0","1.0"
"corpus-1-humain.csv",3079,"1 journaliste","Thomas Gerbet","un reportage",2020-10-01,"https://ici.radio-canada.ca/nouvelle/1738096/chum-suspend-visites-patients-covid","Le CHUM suspend les visites aux patients | Coronavirus","Human","0.0","0.0","1.0"
"corpus-1-humain.csv",3116,"1 journaliste","Éric Leblanc","une chronique sportive",2022-09-17,"https://www.rds.ca/hockey/canadiens/pierrick-dube-expose-de-nouvelles-armes-1.16207852","Canadiens : Pierrick Dubé expose de nouvelles armes au tournoi des recrues","Human","0.0","0.0","1.0"
"corpus-1-humain.csv",3572,"1 journaliste","Éric Leblanc","une chronique sportive",2022-10-12,"https://www.rds.ca/hockey/canadiens/un-resultat-inattendu-pour-les-canadiens-1.16323235","LNH : Les Canadiens surprennent les Maple Leafs au match d'ouverture","Human","0.0","0.0","1.0"
"corpus-1-humain.csv",4910,"1 journaliste","Emilie Nicolas","une chronique société",2020-04-16,"https://ledevoir.com/opinion/chroniques/577077/docteur-privilege","Docteur Privilège","Human","0.0","0.0","1.0"
"corpus-1-humain.csv",2778,"1 journaliste","Éric Leblanc","une chronique sportive",2022-11-15,"https://www.rds.ca/hockey/canadiens/un-exemple-a-suivre-pour-le-tricolore-1.16394118","Canadiens : un exemple à suivre pour le Tricolore dans ce revers contre les Devils","Human","0.0","0.0","1.0"
"corpus-1-humain.csv",3074,"1 journaliste","Éric Leblanc","une chronique sportive",2023-01-19,"https://www.rds.ca/hockey/canadiens/discipline-recherchee-et-gudas-seme-la-colere-1.16529808","Canadiens : discipline recherchée et Radko Gudas sème la colère chez les Canadiens","Human","0.0","0.0","1.0"
"corpus-1-humain.csv",2988,"1 journaliste","Thomas Gerbet","un reportage",2021-12-21,"https://ici.radio-canada.ca/nouvelle/1849288/croix-rouge-renfort-gouvernement-quebec-covid","COVID-19 : la Croix-Rouge appelée en renfort par le gouvernement du Québec | Coronavirus","Human","0.0","0.0","1.0"
"corpus-1-humain.csv",4078,"1 journaliste","Améli Pineda","un reportage judiciaire",2020-01-30,"https://www.ledevoir.com/societe/598702/montreal-controverse-autour-d-une-arrestation-musclee","Controverse autour d’une arrestation musclée","Human","0.0","0.0","1.0"
"corpus-1-humain.csv",4353,"1 journaliste","Améli Pineda","un reportage judiciaire",2021-03-20,"https://www.ledevoir.com/societe/577426/covid-19-service-correctionnel-canada-vise-par-une-demande-d-action-collective","Service Correctionnel Canada visé par une demande d’action collective","Human","0.0","0.0","1.0"
"corpus-1-humain.csv",3500,"1 journaliste","Éric Leblanc","une chronique sportive",2022-09-18,"https://www.rds.ca/hockey/canadiens/owen-beck-precis-comme-un-anesthesiste-1.16215030","Canadiens - Owen Beck : précis comme un anesthésiste, fonceur comme un bélier","Human","0.0","0.0","1.0"
"corpus-1-humain.csv",5267,"1 journaliste","Emilie Nicolas","une chronique société",2020-08-13,"https://ledevoir.com/opinion/chroniques/584038/manifester-fonctionne","Manifester fonctionne","Human","0.0","0.0","1.0"
"corpus-1-humain.csv",3923,"1 journaliste","Améli Pineda","un reportage judiciaire",2020-03-10,"https://www.ledevoir.com/societe/571063/le-pere-suspecte-d-avoir-tue-sa-conjointe-a-mascouche-etait-un-educateur-specialise","Mascouche: Benoît Cardinal est accusé de meurtre non prémédité","Human","0.0","0.0","1.0"
"corpus-1-humain.csv",4193,"1 journaliste","Améli Pineda","un reportage judiciaire",2020-03-19,"https://www.ledevoir.com/politique/quebec/571605/parti-quebecois-frederic-bastien-se-lance-dans-la-course","Frédéric Bastien se lance dans la course à la chefferie du PQ","Human","0.0","0.0","1.0"
"corpus-1-humain.csv",4420,"1 journaliste","Améli Pineda","un reportage judiciaire",2020-07-29,"https://www.ledevoir.com/societe/consommation/576222/covid-19-les-depanneurs-au-front","Les dépanneurs au front","Human","0.0","0.0","1.0"
"corpus-1-humain.csv",5014,"1 journaliste","Emilie Nicolas","une chronique société",2019-09-19,"https://ledevoir.com/opinion/chroniques/562924/les-paroles-legitimes","Les paroles légitimes","Human","0.0","0.0","1.0"
"corpus-1-humain.csv",3288,"1 journaliste","Éric Leblanc","une chronique sportive",2023-02-10,"https://www.rds.ca/football/nfl/je-dois-tout-a-mon-grand-frere-1.16629084","Super Bowl : « Quand je dis que je dois tout à mon grand frère, c'est vrai » - Travis Kelce","Human","0.0","0.0","1.0"
"corpus-1-humain.csv",2906,"1 journaliste","Thomas Gerbet","un reportage",2021-04-02,"https://ici.radio-canada.ca/nouvelle/1781895/rendez-vous-vaccination-annules-lanaudiere-manque-doses","Des rendez-vous de vaccination annulés dans Lanaudière par manque de doses | Coronavirus","Human","0.0","0.0","1.0"
"corpus-1-humain.csv",4505,"1 journaliste","Améli Pineda","un reportage judiciaire",2020-03-13,"https://www.ledevoir.com/societe/571522/un-assassin-libere-de-prison-recidive","Le meurtre de Sainte-Foy était-il évitable?","Human","0.0","0.0","1.0"
"corpus-1-humain.csv",4493,"1 journaliste","Améli Pineda","un reportage judiciaire",2020-06-08,"https://www.ledevoir.com/societe/579975/observations-sur-la-peine-ugo-fredette-se-compare-a-guy-turcotte","Ugo Fredette se compare à Guy Turcotte","Human","0.0","0.0","1.0"
"corpus-1-humain.csv",5010,"1 journaliste","Emilie Nicolas","une chronique société",2019-02-21,"https://ledevoir.com/opinion/chroniques/548282/sans-justice-pas-de-paix","Sans justice, pas de paix","Human","0.0","0.0","1.0"
"corpus-1-humain.csv",4997,"1 journaliste","Emilie Nicolas","une chronique société",2020-07-09,"https://ledevoir.com/opinion/chroniques/582113/le-nouveau-condom","Le nouveau condom","Human","0.0","0.0","1.0"
"corpus-1-humain.csv",3191,"1 journaliste","Éric Leblanc","une chronique sportive",2023-01-09,"https://www.rds.ca/hockey/canadiens/un-depart-genant-et-frustrant-pour-st-louis-1.16516069","LNH : Un départ gênant et frustrant pour Martin St-Louis contre le Kraken","Human","0.0","0.0","1.0"
"corpus-1-humain.csv",3681,"1 journaliste","Thomas Gerbet","un reportage",2020-05-15,"https://ici.radio-canada.ca/nouvelle/1703548/visiere-masque-obligatoires-directive-hopital","Visière et masque deviennent obligatoires dans plusieurs hôpitaux du Québec | Coronavirus","Human","0.0","0.0","1.0"
"corpus-1-humain.csv",5287,"1 journaliste","Emilie Nicolas","une chronique société",2019-03-21,"https://ledevoir.com/opinion/chroniques/550298/ce-qu-on-n-ose-pas-dire","Ce qu’on n’ose pas dire","Human","0.0","0.0","1.0"
"corpus-1-humain.csv",4955,"1 journaliste","Emilie Nicolas","une chronique société",2020-03-12,"https://ledevoir.com/opinion/chroniques/574753/ce-qui-nous-rend-malades","Ce qui nous rend malades","Human","0.0","0.0","1.0"
"corpus-1-humain.csv",3315,"1 journaliste","Éric Leblanc","une chronique sportive",2022-10-25,"https://www.rds.ca/hockey/canadiens/la-jeune-brigade-defensive-a-montre-ses-lacunes-1.16346198","Canadiens c. Wild : La jeune brigade défensive a montré ses lacunes face au Wild","Human","0.0","0.0","1.0"
"corpus-1-humain.csv",3644,"1 journaliste","Thomas Gerbet","un reportage",2020-03-30,"https://ici.radio-canada.ca/nouvelle/1689801/mort-bebe-joliette-commission-droits-enquete-dpj","Mort d'un bébé à Joliette : la Commission des droits ouvre une enquête","Human","0.0","0.0","1.0"
"corpus-1-humain.csv",3746,"1 journaliste","Thomas Gerbet","un reportage",2020-05-26,"https://ici.radio-canada.ca/nouvelle/1706602/obligation-masque-protection-oculaire-visiere-hopital-chsld-residence","Québec généralise le port du masque et de la protection oculaire dans la santé","Human","0.0","0.0","1.0"
"corpus-1-humain.csv",3626,"1 journaliste","Thomas Gerbet","un reportage",2020-12-11,"https://ici.radio-canada.ca/nouvelle/1756485/chum-eclosion-covid-hopital-virus-montreal","Le CHUM victime de sa première éclosion de COVID-19","Human","0.0","0.0","1.0"
"corpus-1-humain.csv",3622,"1 journaliste","Thomas Gerbet","un reportage",2020-12-18,"https://ici.radio-canada.ca/nouvelle/1758328/hausse-ventes-saq-partys-illegaux-noel-ministre-dube","Les fortes ventes à la SAQ, un indice que des  partys  illégaux se préparent?","Human","0.0","0.0","1.0"
"corpus-1-humain.csv",4516,"1 journaliste","Améli Pineda","un reportage judiciaire",2021-04-22,"https://www.ledevoir.com/societe/613263/agression-sexuelle-le-processus-judiciaire-a-ete-reparateur-pour-lea-clermont-dion","Le processus judiciaire a été «réparateur» pour Léa Clermont-Dion","Human","0.0","0.0","1.0"
"corpus-1-humain.csv",5148,"1 journaliste","Emilie Nicolas","une chronique société",2020-01-23,"https://ledevoir.com/opinion/chroniques/571345/pour-la-securite-des-femmes","Pour la sécurité des femmes","Human","0.0","0.0","1.0"
"corpus-1-humain.csv",3527,"1 journaliste","Éric Leblanc","une chronique sportive",2022-10-10,"https://www.rds.ca/football/alouettes/ne-pas-s-abaisser-au-niveau-de-l-adversaire-1.16321725","Ne pas s'abaisser au niveau de l'adversaire (Chronique d'Éric Leblanc - Alouettes)","Human","0.0","0.0","1.0"
"corpus-1-humain.csv",3562,"1 journaliste","Éric Leblanc","une chronique sportive",2022-11-10,"https://www.rds.ca/hockey/canadiens/st-louis-s-il-y-avait-une-melee-c-etait-surement-lui-1.16386268","Martin St-Louis : « S'il y avait une mêlée, c'était sûrement lui »","Human","0.0","0.0","1.0"
"corpus-1-humain.csv",3450,"1 journaliste","Éric Leblanc","une chronique sportive",2023-01-05,"https://www.rds.ca/hockey/canadiens/une-lethargie-differente-de-la-saison-derniere-1.16510935","Canadiens : Une léthargie différente de la saison dernière pour le CH","Human","0.0","0.0","1.0"
"corpus-1-humain.csv",3812,"1 journaliste","Thomas Gerbet","un reportage",2021-04-21,"https://ici.radio-canada.ca/nouvelle/1786793/quebec-simplifie-acces-tests-rapides-covid-coronavirus","Québec simplifie l'accès aux tests rapides qui dorment dans des entrepôts | Coronavirus","Human","0.0","0.0","1.0"
"corpus-1-humain.csv",3822,"1 journaliste","Thomas Gerbet","un reportage",2022-01-21,"https://ici.radio-canada.ca/nouvelle/1856068/depistage-delai-ciusss-montreal-coronavirus-pandemie","COVID-19 : plus de 5000 tests PCR ont été jetés sans être analysés | Coronavirus","Human","0.0","0.0","1.0"
"corpus-1-humain.csv",4275,"1 journaliste","Améli Pineda","un reportage judiciaire",2020-01-24,"https://www.ledevoir.com/societe/595800/les-moments-cles-de-l-arrestation-de-mamadi-camara","Les moments clés de l’arrestation de Mamadi Camara","Human","0.0","0.0","1.0"
"corpus-1-humain.csv",3902,"1 journaliste","Améli Pineda","un reportage judiciaire",2020-06-02,"https://www.ledevoir.com/societe/619329/14e-feminicide-une-mere-de-famille-tuee-par-son-conjoint","Quatorzième féminicide de l’année au Québec","Human","0.0","0.0","1.0"
"corpus-1-humain.csv",4545,"1 journaliste","Améli Pineda","un reportage judiciaire",2020-06-03,"https://www.ledevoir.com/societe/574679/meurtre-de-daphne-huard-boudreault-les-policiers-blanchis-par-le-commissaire-a-la-deontologie","Meurtre de Daphné Huard-Boudreault: les policiers blanchis par le commissaire à la déontologie","Human","0.0","0.0","1.0"
"corpus-1-humain.csv",3390,"1 journaliste","Éric Leblanc","une chronique sportive",2022-09-29,"https://www.rds.ca/hockey/canadiens/un-exemple-probant-de-la-belle-evolution-de-guhle-1.16303215","Canadiens : la belle progression de Kaiden Guhle était à l'avant-plan face aux Jets","Human","0.0","0.0","1.0"
"corpus-1-humain.csv",3756,"1 journaliste","Thomas Gerbet","un reportage",2019-02-26,"https://ici.radio-canada.ca/nouvelle/1155101/virus-onf-office-national-film-informatique","L'ONF victime d'un virus informatique depuis plus de deux semaines","Human","0.0","0.0","1.0"
"corpus-1-humain.csv",3262,"1 journaliste","Thomas Gerbet","un reportage",2019-10-10,"https://ici.radio-canada.ca/nouvelle/1339351/jeunes-elections-federales-canada-vote-parti-conservateur-scheer-banlieue-toronto","Avoir 20 ans et voter conservateur | Élections Canada 2019","Human","0.0","0.0","1.0"
"corpus-1-humain.csv",3377,"1 journaliste","Thomas Gerbet","un reportage",2020-04-30,"https://ici.radio-canada.ca/nouvelle/1698667/eclosion-covid-19--hopital-general-lakeshore","Éclosion de COVID-19 à l'Hôpital général du Lakeshore | Coronavirus","Human","0.0","0.0","1.0"
"corpus-1-humain.csv",3568,"1 journaliste","Thomas Gerbet","un reportage",2022-10-23,"https://ici.radio-canada.ca/nouvelle/1926751/boise-steinberg-hochelaga-hydro-montreal-protection-terrain","Un grand pas vers la protection du boisé Steinberg dans l’est de Montréal","Human","0.0","0.0","1.0"
"corpus-1-humain.csv",3491,"1 journaliste","Éric Leblanc","une chronique sportive",2022-11-29,"https://www.rds.ca/hockey/canadiens/les-joueurs-irrites-par-leur-manque-d-opportunisme-1.16448946","Canadiens (LNH) : les joueurs irrités par leur manque d'opportunisme en avantage numérique","Human","0.0","0.0","1.0"
"corpus-1-humain.csv",3577,"1 journaliste","Thomas Gerbet","un reportage",2020-05-05,"https://ici.radio-canada.ca/nouvelle/1700198/eclosions-covid-hopital-pierre-boucher-longueuil","Éclosions de COVID-19 à l'Hôpital Pierre-Boucher de Longueuil","Human","0.0","0.0","1.0"
"corpus-1-humain.csv",3927,"1 journaliste","Thomas Gerbet","un reportage",2022-01-14,"https://ici.radio-canada.ca/nouvelle/1854474/niveau-4-delestage-ciusss-centre-sud-montreal","Passage au niveau 4 du délestage pour le CIUSSS du Centre-Sud, à Montréal | Coronavirus","Human","0.0","0.0","1.0"
"corpus-1-humain.csv",5341,"1 journaliste","Emilie Nicolas","une chronique société",2019-03-07,"https://ledevoir.com/opinion/chroniques/549301/madame-pas-tout-le-monde","Madame Pas-Tout-le-Monde","Human","0.0","0.0","1.0"
"corpus-1-humain.csv",5321,"1 journaliste","Emilie Nicolas","une chronique société",2019-05-30,"https://ledevoir.com/opinion/chroniques/555566/chere-grand-maman","Chère grand-maman","Human","0.0","0.0","1.0"
"corpus-1-humain.csv",5307,"1 journaliste","Emilie Nicolas","une chronique société",2019-09-05,"https://ledevoir.com/opinion/chroniques/561911/au-nom-de-la-securite","Au nom de la sécurité","Human","0.0","0.0","1.0"
"corpus-1-humain.csv",5271,"1 journaliste","Emilie Nicolas","une chronique société",2020-04-02,"https://ledevoir.com/opinion/chroniques/576230/pas-faits-pour-vivre-en-cage","Pas faits pour vivre en cage","Human","0.0","0.0","1.0"
"corpus-1-humain.csv",3958,"1 journaliste","Thomas Gerbet","un reportage",2019-02-18,"https://ici.radio-canada.ca/nouvelle/1153642/pierre-brodeur-remuneration-elus-conseillers-municipaux-rive-sud","L'augmentation salariale du maire de Saint-Lambert reportée","Human","0.0","0.0","1.0"
"corpus-1-humain.csv",3791,"1 journaliste","Thomas Gerbet","un reportage",2020-04-01,"https://ici.radio-canada.ca/nouvelle/1690023/americain-refugie-canada-covid-19-trump-etats-unis-coronavirus","Un Américain se réfugie au Canada à cause de la COVID-19 | Coronavirus","Human","0.0","0.0","1.0"
"corpus-1-humain.csv",3315,"1 journaliste","Thomas Gerbet","un reportage",2021-05-21,"https://ici.radio-canada.ca/nouvelle/1795129/josee-latendresse-candidate-mairie-longueuil","Josée Latendresse sera candidate à la mairie de Longueuil","Human","0.0","0.0","1.0"
"corpus-1-humain.csv",3791,"1 journaliste","Thomas Gerbet","un reportage",2022-12-15,"https://ici.radio-canada.ca/nouvelle/1941558/frederic-abergel-chum-hopital-pdg-quebec","Frédéric Abergel est pressenti pour prendre la tête du CHUM","Human","0.0","0.0","1.0"
"corpus-1-humain.csv",5113,"1 journaliste","Emilie Nicolas","une chronique société",2021-11-04,"https://ledevoir.com/opinion/chroniques/644871/mettre-fin-aux-i-id-u10600688246q3h-freak-shows-i","Mettre fin aux «freak shows»","Human","0.0","0.0","1.0"
"corpus-1-humain.csv",5198,"1 journaliste","Emilie Nicolas","une chronique société",2022-08-25,"https://ledevoir.com/opinion/chroniques/748797/chronique-la-haine-tranquille","La haine, tranquille","Human","0.0","0.0","1.0"
"corpus-1-humain.csv",5199,"1 journaliste","Emilie Nicolas","une chronique société",2022-12-15,"https://ledevoir.com/opinion/chroniques/774677/chronique-la-honte-d-avoir-faim","La honte d’avoir faim","Human","0.0","0.0","1.0"
"corpus-1-humain.csv",5424,"1 journaliste","Hugo Dumas","une chronique télévision",2022-03-29,"https://www.lapresse.ca/arts/chroniques/2022-03-29/suzanne-clement-en-quotidienne-a-radio-canada.php","Suzanne Clément en quotidienne à Radio-Canada","Human","0.0","0.0","1.0"
"corpus-1-humain.csv",4706,"1 journaliste","Emilie Nicolas","une chronique société",2020-11-26,"https://ledevoir.com/opinion/chroniques/590445/dehors-novembre","Dehors novembre","Human","0.0","0.0","1.0"
"corpus-1-humain.csv",5581,"1 journaliste","Hugo Dumas","une chronique télévision",2022-03-09,"https://www.lapresse.ca/arts/chroniques/2022-03-09/fascinantes-fraudeuses-fabulatrices.php","Fascinantes fraudeuses fabulatrices","Human","0.0","0.0","1.0"
"corpus-1-humain.csv",5298,"1 journaliste","Emilie Nicolas","une chronique société",2019-08-08,"https://ledevoir.com/opinion/chroniques/560222/el-paso-la-faute-a-l-alienation-economique","El Paso, la faute à l’«aliénation économique»?","Human","0.0","0.0","1.0"
"corpus-1-humain.csv",5518,"1 journaliste","Hugo Dumas","une chronique télévision",2022-08-19,"https://www.lapresse.ca/arts/chroniques/2022-08-19/never-have-i-ever/jamais-vous-ne-regrettez-jamais-votre-premiere-fois.php","Never Have I Ever | Jamais, vous ne regrettez jamais votre première fois ! ","Human","0.0","0.0","1.0"
"corpus-1-humain.csv",5092,"1 journaliste","Emilie Nicolas","une chronique société",2020-03-19,"https://ledevoir.com/opinion/chroniques/575245/nos-anges-gardiens","Nos anges gardiens","Human","0.0","0.0","1.0"
"corpus-1-humain.csv",5480,"1 journaliste","Hugo Dumas","une chronique télévision",2022-04-20,"https://www.lapresse.ca/arts/chroniques/2022-04-20/le-temps-des-framboises/j-vais-t-en-prendre-trois-casseaux.php","Le temps des framboises | J’vais t’en prendre trois casseaux !","Human","0.0","0.0","1.0"
"corpus-1-humain.csv",5527,"1 journaliste","Hugo Dumas","une chronique télévision",2022-02-02,"https://www.lapresse.ca/arts/chroniques/2022-02-02/archive-81/les-videocassettes-du-diable.php","Archive 81 | Les vidéocassettes du diable","Human","0.0","0.0","1.0"
"corpus-1-humain.csv",5470,"1 journaliste","Hugo Dumas","une chronique télévision",2022-06-14,"https://www.lapresse.ca/arts/chroniques/2022-06-14/cerebrum-2/viol-au-dessus-d-un-lit-de-coucou.php","Cerebrum 2 | Viol au-dessus d’un lit de coucou","Human","0.0","0.0","1.0"
"corpus-1-humain.csv",5530,"1 journaliste","Hugo Dumas","une chronique télévision",2022-01-24,"https://www.lapresse.ca/arts/chroniques/2022-01-24/the-gilded-age/c-est-downton-abbey-a-new-york-et-c-est-bon.php","The Gilded Age | C’est Downton Abbey à New York et c’est bon","Human","0.0","0.0","1.0"
"corpus-1-humain.csv",5468,"1 journaliste","Hugo Dumas","une chronique télévision",2022-06-11,"https://www.lapresse.ca/arts/chroniques/2022-06-11/le-bureau-des-legendes.php","Le bureau des légendes","Human","0.0","0.0","1.0"
"corpus-1-humain.csv",5258,"1 journaliste","Emilie Nicolas","une chronique société",2022-09-08,"https://ledevoir.com/opinion/chroniques/753855/chronique-lachez-nous-avec-montreal","Lâchez-nous avec Montréal","Human","0.0","0.0","1.0"
"corpus-1-humain.csv",5455,"1 journaliste","Hugo Dumas","une chronique télévision",2022-01-05,"https://www.lapresse.ca/arts/chroniques/2022-01-05/air-cabochon-et-le-gossip-girl-quebecois.php","Air Cabochon et le Gossip Girl québécois","Human","0.0","0.0","1.0"
"corpus-1-humain.csv",5460,"1 journaliste","Hugo Dumas","une chronique télévision",2022-03-07,"https://www.lapresse.ca/arts/chroniques/2022-03-07/star-academie/grace-a-footloose-jeremy-survit.php","Star Académie | Grâce à Footloose, Jérémy survit ","Human","0.0","0.0","1.0"
"corpus-1-humain.csv",5558,"1 journaliste","Hugo Dumas","une chronique télévision",2022-03-21,"https://www.lapresse.ca/arts/chroniques/2022-03-21/star-academie/l-hymne-au-printemps-pour-celle-qui-a-quitte.php","Star Académie | L’hymne au printemps pour celle qui a quitté","Human","0.0","0.0","1.0"
"corpus-1-humain.csv",5183,"1 journaliste","Emilie Nicolas","une chronique société",2020-02-20,"https://ledevoir.com/opinion/chroniques/573290/la-paresse-et-la-dominance","La paresse et la dominance","Human","0.0","0.0","1.0"
"corpus-1-humain.csv",5440,"1 journaliste","Hugo Dumas","une chronique télévision",2022-04-12,"https://www.lapresse.ca/arts/chroniques/2022-04-12/les-chefs/donnez-de-la-sauce-a-jean-luc-boulay.php","Les chefs ! | Donnez de la sauce à Jean-Luc Boulay !","Human","0.0","0.0","1.0"
"corpus-1-humain.csv",5546,"1 journaliste","Hugo Dumas","une chronique télévision",2022-07-09,"https://www.lapresse.ca/arts/chroniques/2022-07-09/la-deesse-de-l-enchantement.php","La déesse de l’enchantement","Human","0.0","0.0","1.0"
"corpus-1-humain.csv",5459,"1 journaliste","Hugo Dumas","une chronique télévision",2022-03-14,"https://www.lapresse.ca/arts/chroniques/2022-03-14/star-academie/ramenez-audrey-louise-ca-presse.php","Star Académie | Ramenez Audrey-Louise, ça presse ! ","Human","0.0","0.0","1.0"
"corpus-1-humain.csv",5475,"1 journaliste","Hugo Dumas","une chronique télévision",2022-02-09,"https://www.lapresse.ca/arts/chroniques/2022-02-09/un-diagnostic-de-fievre-olympique.php","Un diagnostic de fièvre olympique","Human","0.0","0.0","1.0"
"corpus-1-humain.csv",5428,"1 journaliste","Hugo Dumas","une chronique télévision",2022-03-26,"https://www.lapresse.ca/arts/chroniques/2022-03-26/safia-et-les-medias.php","Safia et les médias","Human","0.0","0.0","1.0"
"corpus-1-humain.csv",5572,"1 journaliste","Hugo Dumas","une chronique télévision",2022-04-25,"https://www.lapresse.ca/arts/chroniques/2022-04-25/star-academie/les-noces-de-krystel.php","Star Académie | Les noces de Krystel","Human","0.0","0.0","1.0"
"corpus-1-humain.csv",5547,"1 journaliste","Hugo Dumas","une chronique télévision",2022-03-04,"https://www.lapresse.ca/arts/chroniques/2022-03-04/district-911.php","District 911","Human","0.0","0.0","1.0"
"corpus-1-humain.csv",5525,"1 journaliste","Hugo Dumas","une chronique télévision",2022-07-18,"https://www.lapresse.ca/arts/chroniques/2022-07-18/qui-a-le-droit-qui-a-les-droits.php","Qui a le droit, qui a les droits ? ","Human","0.0","0.0","1.0"
"corpus-1-humain.csv",5593,"1 journaliste","Hugo Dumas","une chronique télévision",2022-05-21,"https://www.lapresse.ca/arts/chroniques/2022-05-21/tout-le-monde-les-aime-sauf-nous.php","Tout le monde les aime… sauf nous !","Human","0.0","0.0","1.0"
"corpus-1-humain.csv",7343,"1 journaliste","Éric Leblanc","une chronique sportive",2023-02-08,"https://www.rds.ca/football/nfl/vick-ne-croyait-pas-assister-a-ce-moment-historique-1.16616409","Deux quarts noirs au Super Bowl : Michael Vick ne croyait pas voir cela de son vivant","Human","0.0","0.0","1.0"
"corpus-2-moitié.csv",2915,"2 moitié","Améli Pineda","un reportage judiciaire",2021-07-21,"https://www.ledevoir.com/societe/619614/agression-du-policier-vig-ali-ngarukiye-subira-une-evaluation-psychiatrique","​Agression du policier Vig: Ali Ngarukiye subira une évaluation psychiatrique","Mixed","0.7708404660224915","0.0","0.22915951907634735"
"corpus-2-moitié.csv",3111,"2 moitié","Améli Pineda","un reportage judiciaire",2020-12-17,"https://www.ledevoir.com/societe/591885/violences-sexuelles-en-lutte-pour-une-reforme-du-systeme","Annick Charette en lutte pour une réforme du système","Human","0.07877813279628754","0.0","0.9212218523025513"
"corpus-2-moitié.csv",4554,"2 moitié","Améli Pineda","un reportage judiciaire",2021-06-23,"https://www.ledevoir.com/societe/613233/agression-sexuelle-annick-charette-poursuit-gilbert-rozon-au-civil-pour-agression-sexuelle","​Annick Charette poursuit Gilbert Rozon au civil pour ​agression sexuelle","Mixed","0.2995169162750244","0.0","0.7004830837249756"
"corpus-2-moitié.csv",4643,"2 moitié","Améli Pineda","un reportage judiciaire",2020-06-01,"https://www.ledevoir.com/societe/579929/messes-et-prieres-en-ligne-apprendre-a-pratiquer-la-religion-virtuellement","Apprendre à pratiquer la religion virtuellement","Mixed","0.40167996287345886","0.0","0.5983200669288635"
"corpus-2-moitié.csv",5152,"2 moitié","Améli Pineda","un reportage judiciaire",2020-11-17,"https://www.ledevoir.com/societe/589816/l-action-collective-des-courageuses-contre-gilbert-rozon-rejetee","Comme une «gifle» au visage des victimes","Mixed","0.4334239065647125","0.0","0.5665760636329651"
"corpus-2-moitié.csv",4941,"2 moitié","Améli Pineda","un reportage judiciaire",2020-10-15,"https://www.ledevoir.com/societe/587794/viol-et-attentat-a-la-pudeur-la-victime-n-a-pas-dit-non-selon-la-defense","Gilbert Rozon se pose en victime consentante à son procès","Mixed","0.3276664614677429","0.0","0.6723335385322571"
"corpus-2-moitié.csv",5389,"2 moitié","Améli Pineda","un reportage judiciaire",2020-03-26,"https://www.ledevoir.com/societe/575766/pandemie-la-delation-mesure-ultime-de-protection","La délation, mesure ultime de protection","Mixed","0.42104285955429077","0.0","0.5789571404457092"
"corpus-2-moitié.csv",4791,"2 moitié","Améli Pineda","un reportage judiciaire",2020-12-04,"https://www.ledevoir.com/societe/591013/quebec-la-sq-propose-une-grande-fusion-des-corps-de-police","La SQ propose une grande fusion des corps de police","Mixed","0.4349822700023651","0.0","0.5650177597999573"
"corpus-2-moitié.csv",4780,"2 moitié","Améli Pineda","un reportage judiciaire",2021-05-15,"https://www.ledevoir.com/societe/601562/violence-conjugale-le-poids-de-la-violence","Le poids de la violence","Mixed","0.37719663977622986","0.0","0.6228033304214478"
"corpus-2-moitié.csv",4925,"2 moitié","Améli Pineda","un reportage société",2021-07-14,"https://www.ledevoir.com/societe/consommation/617763/nouveau-billet-a-gratter-les-records-de-chaleurs-inspirent-loto-quebec","Loto-Québec retire son billet inspiré des records de chaleur","Mixed","0.4414213299751282","0.0","0.5585786700248718"
"corpus-2-moitié.csv",3562,"2 moitié","Améli Pineda","un reportage judiciaire",2021-02-03,"https://www.ledevoir.com/societe/594544/mamadi-camara-libere-des-accusations-portees-contre-lui","Mamadi Camara libéré des accusations portées contre lui","Mixed","0.3509264588356018","0.0","0.6490735411643982"
"corpus-2-moitié.csv",2964,"2 moitié","Améli Pineda","un reportage judiciaire",2020-01-15,"https://www.ledevoir.com/societe/570853/mort-d-une-fillette-a-granby-l-autre-enfant-de-la-famille-confie-a-la-dpj","Mort d’une fillette à Granby: l’autre enfant de la famille confié à la DPJ","Mixed","0.4018218517303467","0.0","0.5981781482696533"
"corpus-2-moitié.csv",5129,"2 moitié","Améli Pineda","un reportage judiciaire",2020-12-16,"https://www.ledevoir.com/societe/591749/verdict-du-proces-rozon","Procès pour viol et attentat à la pudeur: Gilbert Rozon acquitté","Mixed","0.4366224706172943","0.0","0.5633775591850281"
"corpus-2-moitié.csv",3505,"2 moitié","Améli Pineda","un reportage judiciaire",2020-01-26,"https://www.ledevoir.com/societe/571627/pour-votre-info-quoi-surveiller-aujourd-hui","Quoi surveiller aujourd’hui?","Mixed","0.4094151258468628","0.0","0.5905848741531372"
"corpus-2-moitié.csv",4775,"2 moitié","Améli Pineda","un reportage judiciaire",2020-06-26,"https://www.ledevoir.com/societe/581469/police-rendre-l-uniforme-invisible","Rendre l’uniforme invisible","Mixed","0.35120418667793274","0.0","0.6487957835197449"
"corpus-2-moitié.csv",2885,"2 moitié","Améli Pineda","un reportage judiciaire",2020-01-30,"https://www.ledevoir.com/societe/571808/importante-operation-policiere-a-blainville-pour-une-dispute-familiale","Un mort à la suite d'une dispute familiale à Blainville","Mixed","0.6537261605262756","0.0","0.34627383947372437"
"corpus-2-moitié.csv",3417,"2 moitié","Améli Pineda","un reportage judiciaire",2020-01-17,"https://www.ledevoir.com/societe/570932/meurtre-d-une-mere-de-famille-a-mascouche","Une mère de famille assassinée dans sa maison à Mascouche","Mixed","0.3558677136898041","0.0","0.6441322565078735"
"corpus-2-moitié.csv",3248,"2 moitié","Améli Pineda","un reportage sur la santé",2020-03-19,"https://www.ledevoir.com/societe/sante/575312/une-vingtaine-de-detenus-presentent-des-symptomes-du-coronavirus","Une vingtaine de détenus présentent des symptômes du coronavirus","Mixed","0.6022167205810547","0.0","0.3977832496166229"
"corpus-2-moitié.csv",3516,"2 moitié","Améli Pineda","un reportage judiciaire",2020-09-16,"https://www.ledevoir.com/societe/586067/violence-conjugale-violence-conjugale-tuee-par-son-ex-mais-jamais-retrouvee","Violence conjugale: tuée par son ex, mais jamais retrouvée","Mixed","0.5944254994392395","0.0","0.4055745303630829"
"corpus-2-moitié.csv",4777,"2 moitié","Emilie Nicolas","une chronique d’opinion",2020-06-18,"https://ledevoir.com/opinion/chroniques/580993/cette-fameuse-egalite-des-chances","Cette fameuse égalité des chances","Mixed","0.3952271342277527","0.0","0.6047728657722473"
"corpus-2-moitié.csv",4818,"2 moitié","Emilie Nicolas","une chronique d’opinion",2022-04-07,"https://ledevoir.com/opinion/chroniques/696477/chronique-coherence-recherchee","Cohérence recherchée","Mixed","0.3803197145462036","0.0","0.6196802854537964"
"corpus-2-moitié.csv",5162,"2 moitié","Emilie Nicolas","une chronique d’opinion",2021-07-22,"https://ledevoir.com/opinion/chroniques/619680/chronique-combattre-le-feu-par-le-feu","Combattre le feu par le feu","Mixed","0.41069352626800537","0.0","0.5893064737319946"
"corpus-2-moitié.csv",5642,"2 moitié","Emilie Nicolas","une chronique d’opinion",2020-09-17,"https://ledevoir.com/opinion/chroniques/586085/coronavirus-humilier-ne-mene-nulle-part","Humilier ne mène nulle part","Mixed","0.39844027161598206","0.0","0.6015597581863403"
"corpus-2-moitié.csv",5237,"2 moitié","Emilie Nicolas","une chronique d’opinion",2020-08-20,"https://ledevoir.com/opinion/chroniques/584450/l-ancien-ordre-n-existe-plus","L’ancien ordre n’existe plus","Mixed","0.4046209752559662","0.0","0.5953790545463562"
"corpus-2-moitié.csv",5093,"2 moitié","Emilie Nicolas","une chronique d’opinion",2022-09-01,"https://ledevoir.com/opinion/chroniques/751530/chronique-l-autre-option","L’autre option","Mixed","0.37855881452560425","0.0","0.6214411854743958"
"corpus-2-moitié.csv",5344,"2 moitié","Emilie Nicolas","une chronique d’opinion",2021-12-02,"https://ledevoir.com/opinion/chroniques/651249/l-eblouissement","L’éblouissement","Mixed","0.422529935836792","0.0","0.577470064163208"
"corpus-2-moitié.csv",5490,"2 moitié","Emilie Nicolas","une chronique d’opinion",2020-10-15,"https://ledevoir.com/opinion/chroniques/587823/l-egalite-des-chances-d-ecraser","L’égalité des chances d’écraser","Mixed","0.42841529846191406","0.0","0.5715847015380859"
"corpus-2-moitié.csv",5182,"2 moitié","Emilie Nicolas","une chronique d’opinion",2020-10-08,"https://ledevoir.com/opinion/chroniques/587441/l-heure-du-test","L’heure du test","Mixed","0.41875723004341125","0.0","0.5812427401542664"
"corpus-2-moitié.csv",5307,"2 moitié","Emilie Nicolas","une chronique d’opinion",2021-09-02,"https://ledevoir.com/opinion/chroniques/629184/la-banalisation-tranquille","La banalisation tranquille","Mixed","0.41718485951423645","0.0","0.5828151702880859"
"corpus-2-moitié.csv",5096,"2 moitié","Emilie Nicolas","une chronique d’opinion",2020-07-23,"https://ledevoir.com/opinion/chroniques/582916/la-democratie-et-l-empire","La démocratie et l’Empire","Mixed","0.40325745940208435","0.0","0.596742570400238"
"corpus-2-moitié.csv",5179,"2 moitié","Emilie Nicolas","une chronique d’opinion",2023-01-19,"https://ledevoir.com/opinion/chroniques/778414/chronique-le-declin-de-davos","Le déclin de Davos","Mixed","0.42865419387817383","0.0","0.5713458061218262"
"corpus-2-moitié.csv",5023,"2 moitié","Emilie Nicolas","une chronique d’opinion",2023-02-16,"https://ledevoir.com/opinion/chroniques/781909/chronique-le-hockey-vu-par-la-recherche","Le hockey vu par la recherche","Mixed","0.43280908465385437","0.0","0.567190945148468"
"corpus-2-moitié.csv",4759,"2 moitié","Emilie Nicolas","une chronique d’opinion",2021-04-08,"https://ledevoir.com/opinion/chroniques/598391/le-retour-d-ascenseur","Le retour d’ascenseur","Mixed","0.43664634227752686","0.0","0.5633536577224731"
"corpus-2-moitié.csv",5304,"2 moitié","Emilie Nicolas","une chronique d’opinion",2019-10-31,"https://ledevoir.com/opinion/chroniques/565963/les-gens-inquiets","Les gens inquiets","Mixed","0.42213425040245056","0.0","0.5778657793998718"
"corpus-2-moitié.csv",5175,"2 moitié","Emilie Nicolas","une chronique d’opinion",2021-01-07,"https://ledevoir.com/opinion/chroniques/592802/lettre-aux-ados-du-quebec","Lettre aux ados du Québec","Mixed","0.42801931500434875","0.0","0.5719806551933289"
"corpus-2-moitié.csv",5186,"2 moitié","Emilie Nicolas","une chronique d’opinion",2022-10-27,"https://ledevoir.com/opinion/chroniques/767809/chronique-luamba-contre-goliath","Luamba contre Goliath","Mixed","0.4282684028148651","0.0","0.5717315673828125"
"corpus-2-moitié.csv",5489,"2 moitié","Emilie Nicolas","une chronique d’opinion",2020-12-10,"https://ledevoir.com/opinion/chroniques/591322/porno-morale-et-revolution","Porno, morale et révolution","Mixed","0.4241209626197815","0.0","0.5758790373802185"
"corpus-2-moitié.csv",4981,"2 moitié","Emilie Nicolas","une chronique d’opinion",2020-07-16,"https://ledevoir.com/opinion/chroniques/582525/pour-comprendre-les-survivantes","Pour comprendre les survivantes","Mixed","0.41296929121017456","0.0","0.5870307087898254"
"corpus-2-moitié.csv",5461,"2 moitié","Emilie Nicolas","une chronique d’opinion",2020-09-24,"https://ledevoir.com/opinion/chroniques/586531/une-democratie-prete-a-tomber","Une démocratie prête à tomber","Mixed","0.45815783739089966","0.0","0.5418421626091003"
"corpus-2-moitié.csv",5282,"2 moitié","Éric Leblanc","une chronique sportive",2023-02-15,"https://www.rds.ca/football/alouettes/maciocia-a-songe-a-quitter-il-doit-rebatir-1.16650816","Alouettes : le directeur général Danny Maciocia revient sur l'actualité des dernières semaines","Mixed","0.4380916357040405","0.0","0.5619083642959595"
"corpus-2-moitié.csv",4760,"2 moitié","Éric Leblanc","une chronique sportive",2022-11-11,"https://www.rds.ca/football/alouettes/du-travail-jusque-dans-le-sous-sol-de-maciocia-1.16387385","Alouettes : Noel Thorpe poursuit parfois le travail jusque dans le sous-sol de Danny Maciocia","Mixed","0.43529412150382996","0.0","0.5647059082984924"
"corpus-2-moitié.csv",4746,"2 moitié","Éric Leblanc","une chronique sportive",2022-12-20,"https://www.rds.ca/football/alouettes/maas-une-branche-intense-de-l-arbre-de-trestman-1.16486803","Alouettes/LCF : Jason Maas, une branche intense de l'arbre de Marc Trestman","Mixed","0.3929624855518341","0.0","0.6070374846458435"
"corpus-2-moitié.csv",5176,"2 moitié","Éric Leblanc","une chronique sportive",2022-11-29,"https://www.rds.ca/hockey/canadiens/l-attaque-massive-du-ch-anemique-1.16448364","Canadiens : la série de deux victoires prend fin avec une défaite de 4 à 0 face aux Sharks","Mixed","0.4364373981952667","0.0","0.5635625720024109"
"corpus-2-moitié.csv",4034,"2 moitié","Éric Leblanc","une chronique sportive",2022-09-07,"https://www.rds.ca/hockey/canadiens/price-sur-la-liste-des-blesses-a-long-terme-1.16104753","Canadiens : le nom de Carey Price inscrit sur la liste des blessés à long terme","Mixed","0.4990084171295166","0.0","0.5009915828704834"
"corpus-2-moitié.csv",4526,"2 moitié","Éric Leblanc","une chronique sportive",2022-10-20,"https://www.rds.ca/hockey/canadiens/confiance-rafraichissante-avec-une-pointe-d-arrogance-1.16335817","Canadiens : une dose de confiance rafraîchissante, à la limite de l'arrogance (Éric Leblanc)","Mixed","0.41714537143707275","0.0","0.5828546285629272"
"corpus-2-moitié.csv",4798,"2 moitié","Éric Leblanc","une chronique sportive",2023-01-22,"https://www.rds.ca/hockey/canadiens/sans-caufield-le-collectif-fait-avancer-le-train-1.16534693","CH : Sans Cole Caufield, le collectif fait avancer le train","Mixed","0.451854944229126","0.0","0.548145055770874"
"corpus-2-moitié.csv",4775,"2 moitié","Éric Leblanc","une chronique sportive",2022-12-08,"https://www.rds.ca/hockey/rocket/on-ne-plaisante-plus-chez-le-rocket-1.16468331","LAH : On ne plaisante plus chez le Rocket (Chronique d'Éric Leblanc)","Mixed","0.4180104732513428","0.0","0.5819895267486572"
"corpus-2-moitié.csv",4949,"2 moitié","Éric Leblanc","une chronique sportive",2022-12-09,"https://www.rds.ca/hockey/rocket/abbandonato-surpasse-les-attentes-1.16469410","LAH : Peter Abbandonato surpasse les attentes avec le Rocket de Laval","Mixed","0.4077591300010681","0.0","0.5922408699989319"
"corpus-2-moitié.csv",4973,"2 moitié","Éric Leblanc","une chronique sportive",2022-12-21,"https://www.rds.ca/football/alouettes/andre-bolduc-croyait-meriter-cette-chance-1.16487712","LCF : André Bolduc croyait mériter sa chance de diriger les Alouettes de Montréal","Mixed","0.4405791163444519","0.0","0.5594208836555481"
"corpus-2-moitié.csv",4182,"2 moitié","Éric Leblanc","une chronique sportive",2022-11-13,"https://www.rds.ca/football/alouettes/une-defense-malmenee-contre-une-attaque-preparee-1.16391398","LCF : La défense des Alouettes a été dominée par les Argonauts","Mixed","0.5076518654823303","0.0","0.49234816431999207"
"corpus-2-moitié.csv",4092,"2 moitié","Éric Leblanc","une chronique sportive",2022-09-24,"https://www.rds.ca/football/alouettes/j-aime-beaucoup-cette-equipe-1.16299216","LCF : La relance des Alouettes rendue possible par quelques changements","Mixed","0.4709188640117645","0.0","0.5290811061859131"
"corpus-2-moitié.csv",4021,"2 moitié","Éric Leblanc","une chronique sportive",2022-09-21,"https://www.rds.ca/football/alouettes/un-1er-depart-qui-correspond-bien-a-lestage-1.16253562","LCF : Le 1er départ de Pier-Olivier Lestage, des Alouettes, tombe bien contre Hamilton","Mixed","0.5458841323852539","0.0","0.4541158974170685"
"corpus-2-moitié.csv",5021,"2 moitié","Éric Leblanc","une chronique sportive",2022-08-10,"https://www.rds.ca/hockey/lnh/a-la-defense-de-l-imputabilite-des-knights-1.15985269","LNH : Jonathan Marchessault et compagnie défendent l'imputabilité des Golden Knights","Mixed","0.421031653881073","0.0","0.578968346118927"
"corpus-2-moitié.csv",4555,"2 moitié","Éric Leblanc","une chronique sportive",2022-10-26,"https://www.rds.ca/hockey/canadiens/beaudin-a-les-atouts-pour-jouer-a-droite-1.16349234","LNH : Nicolas Beaudin détient les atouts pour jouer à droite avec le Canadien","Mixed","0.44763994216918945","0.0","0.5523600578308105"
"corpus-2-moitié.csv",3761,"2 moitié","Éric Leblanc","une chronique sportive",2022-09-29,"https://www.rds.ca/hockey/senateurs/apres-la-deception-du-repechage-lavoie-veut-percer-1.16240712","LNH : Zakary Lavoie croyait être repêché et il veut se reprendre","Mixed","0.4445626139640808","0.0","0.5554373860359192"
"corpus-2-moitié.csv",4437,"2 moitié","Éric Leblanc","une chronique sportive",2022-07-07,"https://www.rds.ca/hockey/canadiens/mesar-une-autre-selection-justifiee-en-slovaquie-1.15948809","Repêchage LNH : le Canadien choisit au 26e rang, avec son 2e choix de 1re ronde","Mixed","0.4232589602470398","0.0","0.5767410397529602"
"corpus-2-moitié.csv",4564,"2 moitié","Éric Leblanc","une chronique sportive",2022-08-13,"https://www.rds.ca/hockey/lnh/chabot-ne-s-attendait-pas-a-tout-ce-renfort-1.15985320","Sénateurs : Thomas Chabot ne s'attendait pas à tout ce renfort","Mixed","0.5468887090682983","0.0","0.45311132073402405"
"corpus-2-moitié.csv",4648,"2 moitié","Éric Leblanc","une chronique sportive",2023-02-11,"https://www.rds.ca/football/nfl/a-contrecoeur-st-juste-favorise-les-eagles-1.16646132","Super Bowl : À contrecoeur, Benjamin St-Juste favorise les Eagles pour vaincre les Chiefs","Mixed","0.39931154251098633","0.0","0.6006884574890137"
"corpus-2-moitié.csv",4576,"2 moitié","Éric Leblanc","une chronique sportive",2023-02-07,"https://www.rds.ca/football/nfl/refonte-reussie-pour-proteger-mahomes-1.16603552","Super Bowl : Refonte réussie de la ligne offensive des Chiefs pour protéger Patrick Mahomes","Mixed","0.47333917021751404","0.0","0.5266608595848083"
"corpus-2-moitié.csv",5311,"2 moitié","Hugo Dumas","une chronique télévision",2022-04-06,"https://www.lapresse.ca/arts/chroniques/2022-04-06/5-gars-pour-moi/on-veut-louise-sigouin-bon.php","5 gars pour moi | On veut Louise Sigouin, bon ! ","Mixed","0.44436076283454895","0.0","0.5556392669677734"
"corpus-2-moitié.csv",4553,"2 moitié","Hugo Dumas","une chronique télévision",2022-01-11,"https://www.lapresse.ca/arts/chroniques/2022-01-11/aller-simple/jouer-a-clue-a-la-tele.php","Aller simple | Jouer à Clue à la télé !","Mixed","0.46760377287864685","0.0","0.5323961973190308"
"corpus-2-moitié.csv",5021,"2 moitié","Hugo Dumas","une chronique télévision",2022-01-20,"https://www.lapresse.ca/arts/chroniques/2022-01-20/big-brother-covides-et-star-epidemie.php","Big Brother Covidés et Star Épidémie","Mixed","0.47639912366867065","0.0","0.5236008763313293"
"corpus-2-moitié.csv",5231,"2 moitié","Hugo Dumas","une chronique télévision",2022-08-17,"https://www.lapresse.ca/arts/chroniques/2022-08-17/bonjour-la-police-chez-vrak.php","Bonjour la police chez Vrak !","Mixed","0.4274517297744751","0.0","0.5725482702255249"
"corpus-2-moitié.csv",4550,"2 moitié","Hugo Dumas","une chronique télévision",2022-05-17,"https://www.lapresse.ca/arts/chroniques/2022-05-17/cuisiner-par-procuration-devant-la-television.php","Cuisiner par procuration devant la télévision","Mixed","0.5373626351356506","0.0","0.46263736486434937"
"corpus-2-moitié.csv",4916,"2 moitié","Hugo Dumas","une chronique télévision",2022-07-05,"https://www.lapresse.ca/arts/chroniques/2022-07-05/des-trucs-pour-adoucir-la-facture-tele.php","Des trucs pour adoucir la facture télé !","Mixed","0.4595199227333069","0.0","0.5404800772666931"
"corpus-2-moitié.csv",4502,"2 moitié","Hugo Dumas","une chronique télévision",2022-01-03,"https://www.lapresse.ca/arts/chroniques/2022-01-03/district-31/parlons-du-bon-commandant-chiasson.php","District 31 | Parlons du bon commandant Chiasson !","Mixed","0.47134608030319214","0.0","0.5286539196968079"
"corpus-2-moitié.csv",4962,"2 moitié","Hugo Dumas","une chronique télévision",2022-01-26,"https://www.lapresse.ca/arts/chroniques/2022-01-26/fans-de-district-31-calmez-vous.php","Fans de District 31, calmez-vous ! ","Mixed","0.41011688113212585","0.0","0.5898830890655518"
"corpus-2-moitié.csv",4909,"2 moitié","Hugo Dumas","une chronique télévision",2022-06-09,"https://www.lapresse.ca/arts/chroniques/2022-06-09/irma-vep/la-brillante-serie-du-remake-d-un-remake.php","Irma Vep | La brillante série du remake d’un remake","Mixed","0.4886942207813263","0.0","0.5113057494163513"
"corpus-2-moitié.csv",4869,"2 moitié","Hugo Dumas","une chronique télévision",2022-03-03,"https://www.lapresse.ca/arts/chroniques/2022-03-03/l-homme-n-aimera-plus-trop-a-noovo.php","L’homme n’aimera plus trop à Noovo","Mixed","0.37995481491088867","0.0","0.6200451850891113"
"corpus-2-moitié.csv",4431,"2 moitié","Hugo Dumas","une chronique télévision",2022-06-25,"https://www.lapresse.ca/arts/chroniques/2022-06-25/la-serie-qui-sent-l-ete-tout-leger.php","La série qui sent l’été, tout léger ","Mixed","0.4881516695022583","0.0","0.5118483304977417"
"corpus-2-moitié.csv",5407,"2 moitié","Hugo Dumas","une chronique télévision",2022-02-28,"https://www.lapresse.ca/arts/chroniques/2022-02-28/la-vie-d-factrie-d-olivier.php","La vie d’factrie d’Olivier","Mixed","0.4322175085544586","0.0","0.5677825212478638"
"corpus-2-moitié.csv",4514,"2 moitié","Hugo Dumas","une chronique télévision",2022-07-12,"https://www.lapresse.ca/arts/chroniques/2022-07-12/larry/la-vie-la-vie-d-un-flic-dechu.php","Larry | La vie, la vie d’un flic déchu ","Mixed","0.43885689973831177","0.0","0.5611431002616882"
"corpus-2-moitié.csv",5082,"2 moitié","Hugo Dumas","une chronique télévision",2022-08-25,"https://www.lapresse.ca/arts/chroniques/2022-08-25/le-dr-gagnon-revient-audrey-aussi.php","Le Dr Gagnon revient, Audrey aussi ! ","Mixed","0.4144037663936615","0.0","0.5855962038040161"
"corpus-2-moitié.csv",5122,"2 moitié","Hugo Dumas","une chronique télévision",2022-08-23,"https://www.lapresse.ca/arts/chroniques/2022-08-23/le-rattrapage-avant-le-grand-deballage.php","Le rattrapage avant le grand déballage","Mixed","0.38461539149284363","0.0","0.6153846383094788"
"corpus-2-moitié.csv",4983,"2 moitié","Hugo Dumas","une chronique télévision",2022-05-30,"https://www.lapresse.ca/arts/chroniques/2022-05-30/merci-stranger-things-et-kate-bush.php","Merci Stranger Things et Kate Bush !","Mixed","0.4483242928981781","0.0","0.5516756772994995"
"corpus-2-moitié.csv",4767,"2 moitié","Hugo Dumas","une chronique télévision",2022-06-18,"https://www.lapresse.ca/arts/chroniques/2022-06-18/mixmania-a-brise-la-glace-et-pris-sa-place.php","Mixmania a brisé la glace et pris sa place","Mixed","0.4394797682762146","0.0","0.5605202317237854"
"corpus-2-moitié.csv",4587,"2 moitié","Hugo Dumas","une chronique télévision",2022-03-17,"https://www.lapresse.ca/arts/chroniques/2022-03-17/od-croatie-c-est-remis.php","OD Croatie, c’est remis ! ","Mixed","0.3926313519477844","0.0","0.6073686480522156"
"corpus-2-moitié.csv",5326,"2 moitié","Hugo Dumas","une chronique télévision",2022-06-04,"https://www.lapresse.ca/arts/chroniques/2022-06-04/pourquoi-personne-ne-parle-de-wentworth.php","Pourquoi personne ne parle de Wentworth ?","Mixed","0.45193392038345337","0.0","0.5480660796165466"
"corpus-2-moitié.csv",4323,"2 moitié","Hugo Dumas","une chronique télévision",2022-02-03,"https://www.lapresse.ca/arts/chroniques/2022-02-03/un-lac-noir-peu-profond.php","Un Lac-Noir peu profond","Mixed","0.46611151099205017","0.0","0.5338885188102722"
"corpus-2-moitié.csv",4692,"2 moitié","Thomas Gerbet","un reportage",2020-05-22,"https://ici.radio-canada.ca/nouvelle/1705010/certaines-ecoles-rouvriront-juin-grand-montreal-specialisees","Certaines écoles rouvriront dès le 1er juin dans le Grand Montréal","Mixed","0.3859761357307434","0.0","0.6140238642692566"
"corpus-2-moitié.csv",5288,"2 moitié","Thomas Gerbet","un reportage",2019-10-11,"https://ici.radio-canada.ca/nouvelle/1341740/argent-election-impots-taxes-logement-ontario-canada","Dans les poches des électeurs, la clé du pouvoir | Élections Canada 2019","Mixed","0.46255671977996826","0.0","0.5374432802200317"
"corpus-2-moitié.csv",5119,"2 moitié","Thomas Gerbet","un reportage",2019-07-30,"https://ici.radio-canada.ca/nouvelle/1240580/desjardins-banque-nationale-vol-donnees-securite-equifax-compte-bancaire","Des contrôles resserrés pour les clients de Desjardins à la Banque Nationale","Mixed","0.4393436312675476","0.0","0.5606563687324524"
"corpus-2-moitié.csv",4044,"2 moitié","Thomas Gerbet","un reportage",2021-03-26,"https://ici.radio-canada.ca/nouvelle/1780300/masque-gris-bleu-toxiques-ecoles-garderies-quebec-snn200642","Des masques au potentiel toxique distribués dans des écoles et des garderies du Québec | Coronavirus","Mixed","0.4245796203613281","0.0","0.5754203796386719"
"corpus-2-moitié.csv",4525,"2 moitié","Thomas Gerbet","un reportage",2021-03-30,"https://ici.radio-canada.ca/nouvelle/1781050/vaccins-montreal--regions-quebec-pfizer-astrazeneca-variants","Des milliers de doses de vaccin de Montréal envoyées dans les régions | Coronavirus","Mixed","0.5118231773376465","0.0","0.48817679286003113"
"corpus-2-moitié.csv",4898,"2 moitié","Thomas Gerbet","un reportage",2020-05-13,"https://ici.radio-canada.ca/nouvelle/1702424/eclosions-covid-hopital-charles-lemoyne-longueuil","Éclosions de COVID-19 à l'Hôpital Charles-Le Moyne de Longueuil | Coronavirus","Mixed","0.5487954020500183","0.0","0.4512045681476593"
"corpus-2-moitié.csv",5213,"2 moitié","Thomas Gerbet","un reportage",2019-04-08,"https://ici.radio-canada.ca/nouvelle/1163188/reouverture-unite-obstetrique-lasarre-ste-justine","Encore beaucoup de travail à faire avant la réouverture de l'unité d'obstétrique à La Sarre","Mixed","0.4149242341518402","0.0","0.5850757956504822"
"corpus-2-moitié.csv",5285,"2 moitié","Thomas Gerbet","un reportage",2021-06-17,"https://ici.radio-canada.ca/nouvelle/1802145/sans-appel-offres-2022-sante-quebec-derapages-anglade","Gré à gré jusqu'en 2022 : « une ouverture aux dérapages », dit Dominique Anglade | Coronavirus","Mixed","0.456385999917984","0.0","0.5436140298843384"
"corpus-2-moitié.csv",4890,"2 moitié","Thomas Gerbet","un reportage",2020-05-05,"https://ici.radio-canada.ca/nouvelle/1700013/cri-coeur-veronique-hivon-covid-mourir-seul-dignite","Le cri du coeur de Véronique Hivon contre la mort sans dignité","Mixed","0.37397709488868713","0.0","0.6260229349136353"
"corpus-2-moitié.csv",5039,"2 moitié","Thomas Gerbet","un reportage",2022-01-10,"https://ici.radio-canada.ca/nouvelle/1853035/alexandre-parizeau-directeur-general-longueuil-catherine-fournier","Le petit-fils de Jacques Parizeau devient directeur général de Longueuil","Mixed","0.42726731300354004","0.0","0.57273268699646"
"corpus-2-moitié.csv",4246,"2 moitié","Thomas Gerbet","un reportage",2019-01-21,"https://ici.radio-canada.ca/nouvelle/1148071/canada-prix-maisons-abordables-inabordables-etude","Les maisons les plus abordables et les plus inabordables au monde sont au Canada","Mixed","0.3259538412094116","0.0","0.6740461587905884"
"corpus-2-moitié.csv",4006,"2 moitié","Thomas Gerbet","un reportage",2019-07-31,"https://ici.radio-canada.ca/nouvelle/1242587/louis-robert-emploi-reintegre-mapaq-ministere-agriculture-agronome-entente","Louis Robert retrouve son emploi et les mois de salaire perdus","Mixed","0.4068896770477295","0.0","0.5931103229522705"
"corpus-2-moitié.csv",4524,"2 moitié","Thomas Gerbet","un reportage",2020-10-02,"https://ici.radio-canada.ca/nouvelle/1738169/eleves-retires-ecole-enseignement-maison-parents-covid","Montée en flèche des enfants retirés de l’école depuis la rentrée au Québec | Coronavirus","Mixed","0.4672855734825134","0.0","0.5327144265174866"
"corpus-2-moitié.csv",4460,"2 moitié","Thomas Gerbet","un reportage",2020-12-10,"https://ici.radio-canada.ca/nouvelle/1756198/protegez-vous-vol-donnees-enquete-magazine","Protégez-Vous  ouvre une enquête sur un vol de données touchant ses abonnés","Mixed","0.4385650157928467","0.0","0.5614349842071533"
"corpus-2-moitié.csv",4519,"2 moitié","Thomas Gerbet","un reportage",2019-11-15,"https://ici.radio-canada.ca/nouvelle/1390083/spvm-camion-blinde-police-montreal","Record d'utilisation du camion blindé du SPVM","Mixed","0.5339676737785339","0.0","0.4660322964191437"
"corpus-2-moitié.csv",4736,"2 moitié","Thomas Gerbet","un reportage",2021-09-09,"https://ici.radio-canada.ca/nouvelle/1822636/fausse-identite-autochtone-suzy-kies-demissionne-parti-liberal","Sans statut autochtone, Suzy Kies démissionne du Parti libéral du Canada","Mixed","0.4856418967247009","0.0","0.5143581032752991"
"corpus-2-moitié.csv",4699,"2 moitié","Thomas Gerbet","un reportage",2020-03-28,"https://ici.radio-canada.ca/nouvelle/1689375/bebe-enfant-mort-joliette-dpj","Un bébé de deux ans meurt durant une intervention de la DPJ à Joliette","Mixed","0.40497979521751404","0.0","0.5950202345848083"
"corpus-2-moitié.csv",2719,"2 moitié","Thomas Gerbet","un reportage",2022-12-16,"https://ici.radio-canada.ca/nouvelle/1941615/comite-francisation-spectra-francos-office-langue-francaise","Un comité de francisation aux Francos de Montréal, après une enquête de l’OQLF","Human","0.0","0.0","1.0"
"corpus-2-moitié.csv",4030,"2 moitié","Thomas Gerbet","un reportage",2019-03-07,"https://ici.radio-canada.ca/nouvelle/1157024/demission-journal-metro-montreal-demissions","Vague de démissions au journal  Métro","Mixed","0.39826303720474243","0.0","0.6017369627952576"
"corpus-2-moitié.csv",4814,"2 moitié","Thomas Gerbet","un reportage",2019-01-10,"https://ici.radio-canada.ca/nouvelle/1146133/harcelement-universites-colleges-politique-quebec","Violences sexuelles : l'UQAM, McGill et la moitié des cégeps ne se conforment pas à la loi","Mixed","0.28147071599960327","0.0","0.7185292840003967"
corpus-2-moitié.csv,4752,2 moitié,Améli Pineda,une chronique culturelle,2020-04-14,https://www.ledevoir.com/culture/ecrans/576964/coronavirus-s-evader-sur-des-iles-entre-amis,"«Animal Crossing», ou s’évader sur des îles entre amis",Mixed,0.4337121248245239,0.0,0.5662878751754761
corpus-3-ia.csv,5066,3 GPT-6-luna,Améli Pineda,un reportage judiciaire,2021-03-20,https://www.ledevoir.com/societe/597310/double-feminicide-a-sainte-sophie-une-ex-conjointe-du-suspect-juge-ne-pas-avoir-ete-prise-au-serieux,Double féminicide à Sainte-Sophie: une ex-conjointe du suspect juge ne pas avoir été prise au sérieux,AI,1.0,0.0,0.0
corpus-3-ia.csv,5034,3 GPT-6-luna,Améli Pineda,un reportage judiciaire,2021-04-08,https://www.ledevoir.com/societe/598459/violence-conjugale-un-homme-qui-a-agresse-son-ex-recherche,Violence conjugale: la police recherche un homme qui a agressé son ex-conjointe,AI,1.0,0.0,0.0
corpus-3-ia.csv,3564,3 GPT-6-luna,Améli Pineda,un reportage judiciaire,2021-09-17,https://www.ledevoir.com/societe/633225/agression-sexuelle-gilbert-rozon-nie-avoir-agresse-patricia-tulasne-et-lui-reclame-150-000,Gilbert Rozon nie avoir agressé sexuellement Patricia Tulasne et lui réclame 150 000$,AI,0.8989899158477783,0.0,0.10101009905338287
corpus-3-ia.csv,6015,3 GPT-6-luna,Améli Pineda,un reportage santé,2020-04-25,https://www.ledevoir.com/societe/sante/577695/covid-19-se-battre-pour-rester-au-front,Une préposée se voit refuser un test de dépistage nécessaire pour faire garder son enfant,AI,1.0,0.0,0.0
corpus-3-ia.csv,3810,3 GPT-6-luna,Améli Pineda,un reportage judiciaire,2021-04-16,https://www.ledevoir.com/societe/598959/accusations-d-agression-sexuelle-andre-boisclair-subira-son-enquete-preliminaire-cet-automne,Agression sexuelle: André Boisclair subira son enquête préliminaire cet automne,AI,1.0,0.0,0.0
corpus-3-ia.csv,5930,3 GPT-6-luna,Améli Pineda,un reportage judiciaire,2021-12-16,https://www.ledevoir.com/societe/654897/temoignages-des-victimes-presumees-aux-sentiments-partages-apres-l-entrevue-de-julien-lacroix,Des victimes présumées aux sentiments partagés après l’entrevue de Julien Lacroix,AI,0.8647554516792297,0.0,0.13524451851844788
corpus-3-ia.csv,3831,3 GPT-6-luna,Améli Pineda,un reportage judiciaire,2021-04-15,https://www.ledevoir.com/societe/598853/agression-sexuelle-patricia-tulasne-poursuit-gilbert-rozon-pour-1-6-million-de-dollars,Agression sexuelle: la comédienne Patricia Tulasne poursuit Gilbert Rozon au civil,AI,1.0,0.0,0.0
corpus-3-ia.csv,5974,3 GPT-6-luna,Améli Pineda,un reportage judiciaire,2020-09-17,https://www.ledevoir.com/societe/586102/upac-l-affaire-guy-ouellette-a-provoque-son-depart-soutient-l-ex-numero-deux-de-l-upac,L’ex-numéro deux de l’UPAC soutient que l’affaire Guy Ouellette a provoqué son départ,AI,1.0,0.0,0.0
corpus-3-ia.csv,4332,3 GPT-6-luna,Améli Pineda,un reportage judiciaire,2021-04-01,https://www.ledevoir.com/societe/598035/attaque-de-l-agent-vig-ali-ngarukiye-espere-etre-relache-en-attendant-son-proces,Agression du policier Vig: Ali Ngarukiye espère être relâché en attendant son procès,AI,1.0,0.0,0.0
corpus-3-ia.csv,5008,3 GPT-6-luna,Améli Pineda,un reportage judiciaire,2021-07-15,https://www.ledevoir.com/societe/617958/erreur-sur-la-personne-mamadi-iii-fara-camara-intente-une-poursuite-civile-de-1-2-million-contre-le-spvm-et-le-dpcp,"Mamadi Camara et ses proches poursuivent le SPVM et le DPCP pour 1,2 million de dollars",AI,1.0,0.0,0.0
corpus-3-ia.csv,6156,3 GPT-6-luna,Améli Pineda,un reportage judiciaire,2020-04-18,https://www.ledevoir.com/societe/577278/au-coeur-de-la-tourmente,"Rencontre avec des préposés aux bénéficiaires, défenseurs de la dignité de nos aînés",AI,1.0,0.0,0.0
corpus-3-ia.csv,5162,3 GPT-6-luna,Améli Pineda,un reportage santé,2020-06-09,https://www.ledevoir.com/societe/sante/580452/soutien-psychosocial-a-l-ecoute-de-la-detresse,"Être à l'écoute de la détresse des travailleurs des CHSLD, le temps de la pandémie",AI,1.0,0.0,0.0
corpus-3-ia.csv,5708,3 GPT-6-luna,Améli Pineda,un reportage judiciaire,2020-03-21,https://www.ledevoir.com/societe/575497/residences-pour-aines-des-aines-mis-a-risque,Les recommandations pour les aînés encore contournées dans des résidences privées,AI,1.0,0.0,0.0
corpus-3-ia.csv,5256,3 GPT-6-luna,Améli Pineda,un reportage santé,2020-03-23,https://www.ledevoir.com/societe/sante/575629/residences-pour-aines-cas-probable-dans-une-residence-pour-aines-des-employes-informes-deux-jours-plus-tard,Cas probable dans une résidence pour aînés : des employés informés deux jours plus tard,AI,1.0,0.0,0.0
corpus-3-ia.csv,4507,3 GPT-6-luna,Améli Pineda,un reportage judiciaire,2021-05-20,https://www.ledevoir.com/societe/603020/violence-conjugale-la-police-de-longueuil-a-la-recherche-d-un-homme-qui-a-harcele-son-ex-conjointe,La police de Longueuil à la recherche d’un homme qui a harcelé son ex-conjointe,AI,1.0,0.0,0.0
corpus-3-ia.csv,5656,3 GPT-6-luna,Améli Pineda,un reportage judiciaire,2020-11-12,https://www.ledevoir.com/societe/589666/violence-conjugale-le-cas-d-elisabeth-rioux-demontre-le-fardeau-des-victimes,Le cas d’Elisabeth Rioux démontre le fardeau des victimes de violence conjugale,AI,1.0,0.0,0.0
corpus-3-ia.csv,4422,3 GPT-6-luna,Améli Pineda,un reportage judiciaire,2020-08-28,https://www.ledevoir.com/societe/584950/jugement-demande-de-retrait-denonciation-facebook,Une comédienne échoue à faire retirer une dénonciation pour inconduite sexuelle,AI,1.0,0.0,0.0
corpus-3-ia.csv,5548,3 GPT-6-luna,Améli Pineda,un reportage judiciaire,2021-06-16,https://www.ledevoir.com/societe/611541/dis-son-nom-le-tribunal-refuse-l-anonymat-a-un-artiste-pour-sa-poursuite-en-diffamation,«Dis son nom»: le tribunal refuse l’anonymat à un artiste pour sa poursuite en diffamation,AI,1.0,0.0,0.0
corpus-3-ia.csv,5803,3 GPT-6-luna,Améli Pineda,un reportage judiciaire,2021-03-31,https://www.ledevoir.com/societe/597940/violence-conjugale-voyez-ce-qui-est-arrive-a-ma-mere,"Violence conjugale: «voyez ce qui est arrivé à ma mère», avertit Louisa Paningayak",AI,1.0,0.0,0.0
corpus-3-ia.csv,4890,3 GPT-6-luna,Améli Pineda,un reportage judiciaire,2020-03-20,https://www.ledevoir.com/societe/sante/575314/coronavirus-la-famille-de-la-premiere-victime-supplie-les-quebecois-de-s-isoler,Coronavirus: la famille de la première victime supplie les Québécois de s’isoler,AI,1.0,0.0,0.0
corpus-3-ia.csv,4717,3 GPT-6-luna,Emilie Nicolas,une chronique d’opinion,2021-03-11,https://ledevoir.com/opinion/chroniques/596674/le-controle-des-hommes-et-celui-de-l-etat,"Le contrôle des hommes, et celui de l’État",AI,1.0,0.0,0.0
corpus-3-ia.csv,4740,3 GPT-6-luna,Emilie Nicolas,une chronique d’opinion,2021-03-25,https://ledevoir.com/opinion/chroniques/597548/investissement-est-masculin-depense-est-feminin,"Investissement est masculin, dépense est féminin",AI,1.0,0.0,0.0
corpus-3-ia.csv,5875,3 GPT-6-luna,Emilie Nicolas,une chronique d’opinion,2022-08-11,https://ledevoir.com/opinion/chroniques/743721/les-mythes-et-realites-de-la-loi-21,Les mythes et réalités de la loi 21,AI,1.0,0.0,0.0
corpus-3-ia.csv,5121,3 GPT-6-luna,Emilie Nicolas,une chronique d’opinion,2019-04-04,https://ledevoir.com/opinion/chroniques/551388/ce-qui-se-passe-au-quebec-comme-ailleurs-est-grave,Ce qui se passe au Québec comme ailleurs est grave,AI,1.0,0.0,0.0
corpus-3-ia.csv,4152,3 GPT-6-luna,Emilie Nicolas,une chronique d’opinion,2019-02-07,https://ledevoir.com/opinion/chroniques/547276/la-fierte-c-est-bon-pour-tout-le-monde,"La fierté, c’est bon pour tout le monde",AI,1.0,0.0,0.0
corpus-3-ia.csv,4807,3 GPT-6-luna,Emilie Nicolas,une chronique d’opinion,2019-07-11,https://ledevoir.com/opinion/chroniques/558436/ces-cas-isoles-si-nombreux,"Les violences obstétricales, ces «cas isolés» si nombreux",AI,1.0,0.0,0.0
corpus-3-ia.csv,4701,3 GPT-6-luna,Emilie Nicolas,une chronique d’opinion,2020-02-06,https://ledevoir.com/opinion/chroniques/572322/au-dela-de-la-bauxite-il-y-a-aussi-les-gens,"Au-delà de la bauxite, il y a aussi les gens",AI,1.0,0.0,0.0
corpus-3-ia.csv,5238,3 GPT-6-luna,Emilie Nicolas,une chronique d’opinion,2021-07-29,https://ledevoir.com/opinion/chroniques/621246/freebritney-une-question-de-droits-de-la-personne,"#FreeBritney, une question de droits de la personne",AI,1.0,0.0,0.0
corpus-3-ia.csv,4889,3 GPT-6-luna,Emilie Nicolas,une chronique d’opinion,2019-08-22,https://ledevoir.com/opinion/chroniques/561072/bientot-trop-tard,Changements climatiques: bientôt trop tard,AI,1.0,0.0,0.0
corpus-3-ia.csv,5058,3 GPT-6-luna,Emilie Nicolas,une chronique d’opinion,2019-11-28,https://ledevoir.com/opinion/chroniques/567978/la-place-des-communautes-culturelles,La place des «communautés culturelles»,AI,1.0,0.0,0.0
corpus-3-ia.csv,4511,3 GPT-6-luna,Emilie Nicolas,une chronique d’opinion,2022-05-05,https://ledevoir.com/opinion/chroniques/707355/chronique-le-recul-du-droit-a-l-avortement-n-est-qu-un-debut,Le recul du droit à l’avortement n’est qu’un début,AI,1.0,0.0,0.0
corpus-3-ia.csv,5039,3 GPT-6-luna,Emilie Nicolas,une chronique d’opinion,2022-11-17,https://ledevoir.com/opinion/chroniques/771102/chronique-agresseur-victime-et-autres-mythes-tenaces,"Agresseur, victime, et autres mythes tenaces",AI,1.0,0.0,0.0
corpus-3-ia.csv,5011,3 GPT-6-luna,Emilie Nicolas,une chronique d’opinion,2020-10-21,https://ledevoir.com/opinion/chroniques/588151/comment-te-faire-confiance-avec-cette-arme-sans-me-fatiguer,Comment te faire confiance avec cette arme sans me fatiguer,AI,1.0,0.0,0.0
corpus-3-ia.csv,5738,3 GPT-6-luna,Emilie Nicolas,une chronique d’opinion,2020-12-17,https://ledevoir.com/opinion/chroniques/591857/parfaire-le-systeme-pas-la-victime,"Parfaire le système, pas la victime",AI,1.0,0.0,0.0
corpus-3-ia.csv,5304,3 GPT-6-luna,Emilie Nicolas,une chronique d’opinion,2021-02-05,https://ledevoir.com/opinion/chroniques/594691/remettre-en-question-les-pratiques-policieres,Remettre en question les pratiques policières,AI,1.0,0.0,0.0
corpus-3-ia.csv,5506,3 GPT-6-luna,Emilie Nicolas,une chronique d’opinion,2020-01-09,https://ledevoir.com/opinion/chroniques/570431/dix-ans-plus-tard-la-terre-tremble-toujours,"Dix ans plus tard, la terre tremble toujours",AI,1.0,0.0,0.0
corpus-3-ia.csv,4807,3 GPT-6-luna,Emilie Nicolas,une chronique d’opinion,2019-10-03,https://ledevoir.com/opinion/chroniques/563942/se-battre-pour-sa-place-dans-son-propre-pays,Se battre pour sa place dans son propre pays,AI,1.0,0.0,0.0
corpus-3-ia.csv,5316,3 GPT-6-luna,Emilie Nicolas,une chronique d’opinion,2019-05-16,https://ledevoir.com/opinion/chroniques/554450/un-forum-necessaire,Droits des Noirs: un forum nécessaire,AI,1.0,0.0,0.0
corpus-3-ia.csv,5436,3 GPT-6-luna,Emilie Nicolas,une chronique d’opinion,2021-06-24,https://ledevoir.com/opinion/chroniques/613491/etre-de-la-releve-politique-a-quel-prix,"Être de la relève politique, à quel prix?",AI,1.0,0.0,0.0
corpus-3-ia.csv,4657,3 GPT-6-luna,Emilie Nicolas,une chronique d’opinion,2019-04-18,https://ledevoir.com/opinion/chroniques/552411/les-metropoles-societes-distinctes,"Les métropoles, sociétés distinctes?",AI,1.0,0.0,0.0
corpus-3-ia.csv,5658,3 GPT-6-luna,Éric Leblanc,une chronique sportive,2022-10-14,https://www.rds.ca/hockey/rocket/le-rocket-comble-un-retard-mais-chute-en-prolongation-1.16329059,"Le Rocket comble un retard, mais tombe en prolongation lors de son match d'ouverture (Éric Leblanc)",AI,1.0,0.0,0.0
corpus-3-ia.csv,4823,3 GPT-6-luna,Éric Leblanc,une chronique sportive,2023-02-02,https://www.rds.ca/hockey/canadiens/raymond-est-reconnaissant-envers-son-mentor-1.16563694,"LNH : Éric Raymond, du Canadien de Montréal, est reconnaissant envers son mentor, Benoît Allaire",AI,1.0,0.0,0.0
corpus-3-ia.csv,4776,3 GPT-6-luna,Éric Leblanc,une chronique sportive,2022-08-16,https://www.rds.ca/football/universitaire/jonathan-senecal-un-spectacle-a-ne-pas-manquer-1.15992494,"Football universitaire : Jonathan Sénécal, un spectacle à ne pas manquer aux commandes des Carabins",AI,1.0,0.0,0.0
corpus-3-ia.csv,5005,3 GPT-6-luna,Éric Leblanc,une chronique sportive,2022-10-20,https://www.rds.ca/hockey/levi-est-bien-parti-pour-repondre-aux-attentes-1.16333267,"Hockey : Encadré par Mike Condon, Devon Levi est bien parti pour jouer à la hauteur des attentes",AI,1.0,0.0,0.0
corpus-3-ia.csv,4510,3 GPT-6-luna,Éric Leblanc,une chronique sportive,2022-07-10,https://www.rds.ca/hockey/lnh/de-magnifiques-surprises-pour-savoie-et-langlois-1.15949872,Repêchage LNH : De magnifiques surprises pour Samuel Savoie et Jérémy Langlois repêchés hâtivement,AI,1.0,0.0,0.0
corpus-3-ia.csv,4647,3 GPT-6-luna,Éric Leblanc,une chronique sportive,2023-01-31,https://www.rds.ca/hockey/canadiens/raymond-accorde-tout-le-merite-a-montembeault-1.16549579,"LNH : Éric Raymond, du Canadien, explique le progrès de Samuel Montembeault par le travail investi",AI,1.0,0.0,0.0
corpus-3-ia.csv,5326,3 GPT-6-luna,Éric Leblanc,une chronique sportive,2022-10-07,https://www.rds.ca/football/alouettes/philpot-electrisant-des-sa-saison-recrue-1.16310985,"LCF : Tyson Philpot, un receveur électrisant dès sa saison recrue avec les Alouettes de Montréal",AI,1.0,0.0,0.0
corpus-3-ia.csv,4693,3 GPT-6-luna,Éric Leblanc,une chronique sportive,2022-08-24,https://www.rds.ca/football/quand-une-ecole-du-tennessee-choisit-un-quart-du-quebec-1.16014812,Football : Nathan Brisebois a entamé son parcours comme quart-arrière dans une école du Tennessee,AI,1.0,0.0,0.0
corpus-3-ia.csv,3973,3 GPT-6-luna,Éric Leblanc,une chronique sportive,2022-09-16,https://www.rds.ca/hockey/canadiens/beck-se-signale-encore-mais-holtz-gache-la-finale-1.16205652,"LNH : Owen Beck se signale à nouveau, mais les espoirs du CH perdent 4 à 3 face à ceux des Devils",AI,1.0,0.0,0.0
corpus-3-ia.csv,4410,3 GPT-6-luna,Éric Leblanc,une chronique sportive,2022-10-18,https://www.rds.ca/hockey/grace-a-levi-montreal-revient-encore-dans-la-vie-de-condon-1.16333195,"Hockey: Grâce à Devon Levi, Montréal revient encore dans la vie de Mike Condon, l'ancien du Canadien",AI,1.0,0.0,0.0
corpus-3-ia.csv,4916,3 GPT-6-luna,Éric Leblanc,une chronique sportive,2022-07-15,https://www.rds.ca/hockey/lnh/repechage-particulier-pour-madden-vincent-accepte-la-decision-1.15953751,"LNH : Un repêchage particulier pour Martin Madden fils, Pascal Vincent accepte la décision des Jets",AI,1.0,0.0,0.0
corpus-3-ia.csv,5044,3 GPT-6-luna,Éric Leblanc,une chronique sportive,2022-08-09,https://www.rds.ca/football/alouettes/realiste-d-integrer-lestage-parmi-les-partants-1.15984228,LCF : Pier-Olivier Lestage peut-il déjà être intégré parmi les partants des Alouettes de Montréal?,AI,1.0,0.0,0.0
corpus-3-ia.csv,4378,3 GPT-6-luna,Éric Leblanc,une chronique sportive,2022-09-03,https://www.rds.ca/football/alouettes/on-ne-s-est-pas-presentes-1.16052996,Alouettes : Danny Maciocia estime que sa troupe « ne s'est pas présentée » contre le Rouge et Noir,AI,1.0,0.0,0.0
corpus-3-ia.csv,4857,3 GPT-6-luna,Éric Leblanc,une chronique sportive,2022-09-16,https://www.rds.ca/hockey/moins-de-pression-que-slafkovsky-mesar-ne-se-plaint-pas-1.16201172,"Canadiens : Moins de pression que Juraj Slafkovsky, Filip Mesar ne se plaint pas (Éric Leblanc)",AI,1.0,0.0,0.0
corpus-3-ia.csv,5455,3 GPT-6-luna,Éric Leblanc,une chronique sportive,2022-10-05,https://www.rds.ca/football/alouettes/dequoy-redonne-en-l-honneur-de-sa-mere-1.16309647,"LCF : Marc-Antoine Dequoy, des Alouettes, redonne en l'honneur de sa mère en visitant les hôpitaux",AI,1.0,0.0,0.0
corpus-3-ia.csv,5355,3 GPT-6-luna,Éric Leblanc,une chronique sportive,2022-09-27,https://www.rds.ca/football/alouettes/absent-4-mois-stanback-devra-ajuster-son-approche-1.16301287,"Alouettes : Après une absence de 4 mois, William Stanback devra ajuster son approche (Éric Leblanc)",AI,1.0,0.0,0.0
corpus-3-ia.csv,5542,3 GPT-6-luna,Éric Leblanc,une chronique sportive,2022-10-19,https://www.rds.ca/football/alouettes/walter-fletcher-de-moins-en-moins-neglige-1.16333698,"LCF : Walter Fletcher, de moins en moins négligé, grâce à son rôle avec les Alouettes de Montréal",AI,1.0,0.0,0.0
corpus-3-ia.csv,5123,3 GPT-6-luna,Éric Leblanc,une chronique sportive,2023-02-09,https://www.rds.ca/football/nfl/un-chemin-parfois-ardu-pour-atteindre-le-super-bowl-1.16624512,Super Bowl : Les joueurs des Chiefs et des Eagles ont surmonté des épreuves pour atteindre ce match,AI,1.0,0.0,0.0
corpus-3-ia.csv,4697,3 GPT-6-luna,Éric Leblanc,une chronique sportive,2022-09-20,https://www.rds.ca/football/alouettes/eugene-lewis-un-metronome-spectaculaire-1.16253047,"LCF : Eugene Lewis, le spectaculaire métronome des Alouettes de Montréal, Tyrice Beverette maraudeur",AI,1.0,0.0,0.0
corpus-3-ia.csv,4482,3 GPT-6-luna,Éric Leblanc,une chronique sportive,2022-11-09,https://www.rds.ca/hockey/rocket/geant-ou-pas-simoneau-ne-recule-pas-1.16384961,"LAH : Xavier Simoneau ne recule pas devant des géants, il inspire déjà ses coéquipiers du Rocket",AI,1.0,0.0,0.0
corpus-3-ia.csv,4365,3 GPT-6-luna,Hugo Dumas,une chronique télévision,2022-03-08,https://www.lapresse.ca/arts/chroniques/2022-03-08/a-coeur-battant/plus-de-christophe-l-allier-a-la-tele.php,À cœur battant | Plus de Christophe L’Allier à la télé !,AI,1.0,0.0,0.0
corpus-3-ia.csv,5977,3 GPT-6-luna,Hugo Dumas,une chronique télévision,2022-06-27,https://www.lapresse.ca/arts/chroniques/2022-06-27/only-murders-in-the-building/meurtre-et-mystere-entre-trentenaire-et-septuagenaires.php,Only Murders in the Building | Meurtre et mystère entre trentenaire et septuagénaires !,AI,1.0,0.0,0.0
corpus-3-ia.csv,4773,3 GPT-6-luna,Hugo Dumas,une chronique télévision,2022-07-13,https://www.lapresse.ca/arts/chroniques/2022-07-13/a-very-british-scandal/la-mini-miniserie-la-plus-extra.php,A Very British Scandal | La « mini » minisérie la plus extra,AI,1.0,0.0,0.0
corpus-3-ia.csv,4405,3 GPT-6-luna,Hugo Dumas,une chronique télévision,2022-08-19,https://www.lapresse.ca/arts/chroniques/2022-08-19/gros-dragons-petite-deception.php,"Gros dragons, petite déception ! ",AI,1.0,0.0,0.0
corpus-3-ia.csv,5145,3 GPT-6-luna,Hugo Dumas,une chronique télévision,2022-05-25,https://www.lapresse.ca/arts/chroniques/2022-05-25/pour-toi-flora/la-verite-sans-conciliation-c-est-moyen.php,"Pour toi Flora | La vérité, sans conciliation ? C’est moyen",AI,1.0,0.0,0.0
corpus-3-ia.csv,4835,3 GPT-6-luna,Hugo Dumas,une chronique télévision,2022-06-16,https://www.lapresse.ca/arts/chroniques/2022-06-16/pieces-of-her/taillade-en-pieces-ou-piece-de-collection.php,Pieces of Her | Tailladé en pièces ou pièce de collection ?,AI,1.0,0.0,0.0
corpus-3-ia.csv,4432,3 GPT-6-luna,Hugo Dumas,une chronique télévision,2022-02-08,https://www.lapresse.ca/arts/chroniques/2022-02-08/the-woman-in-the-house/la-femme-qui-boit-a-la-fenetre-du-train.php,The Woman in the House... | La femme qui boit à la fenêtre du train,AI,1.0,0.0,0.0
corpus-3-ia.csv,4935,3 GPT-6-luna,Hugo Dumas,une chronique télévision,2022-05-28,https://www.lapresse.ca/arts/chroniques/2022-05-28/faut-il-finir-toutes-les-series-que-l-on-commence.php,Faut-il finir toutes les séries que l’on commence ?,AI,1.0,0.0,0.0
corpus-3-ia.csv,4687,3 GPT-6-luna,Hugo Dumas,une chronique télévision,2022-06-06,https://www.lapresse.ca/arts/chroniques/2022-06-06/gala-quebec-cinema/a-la-recherche-de-notre-temps-perdu.php,Gala Québec Cinéma | À la recherche de notre temps perdu,AI,1.0,0.0,0.0
corpus-3-ia.csv,4528,3 GPT-6-luna,Hugo Dumas,une chronique télévision,2022-02-21,https://www.lapresse.ca/arts/chroniques/2022-02-21/big-brother-celebrites/un-mctrio-pour-une-double-double-elimination.php,Big Brother Célébrités | Un McTrio pour une double-double élimination,AI,1.0,0.0,0.0
corpus-3-ia.csv,5319,3 GPT-6-luna,Hugo Dumas,une chronique télévision,2022-04-05,https://www.lapresse.ca/arts/chroniques/2022-04-05/de-pierre-en-fille/plus-de-tele-pour-les-millenariaux.php,De Pierre en fille | Plus de télé pour les millénariaux !,AI,1.0,0.0,0.0
corpus-3-ia.csv,4768,3 GPT-6-luna,Hugo Dumas,une chronique télévision,2022-03-10,https://www.lapresse.ca/arts/chroniques/2022-03-10/manuel-de-la-vie-sauvage/bonne-fete-virtuelle-kevin.php,"Manuel de la vie sauvage | Bonne fête (virtuelle), Kevin ! ",AI,1.0,0.0,0.0
corpus-3-ia.csv,4975,3 GPT-6-luna,Hugo Dumas,une chronique télévision,2022-02-23,https://www.lapresse.ca/arts/chroniques/2022-02-23/c-est-comme-ca-que-je-t-aime-2/le-temps-des-cerises-dans-l-alcool.php,C’est comme ça que je t’aime 2 | Le temps des cerises (dans l’alcool) !,AI,1.0,0.0,0.0
corpus-3-ia.csv,5257,3 GPT-6-luna,Hugo Dumas,une chronique télévision,2022-02-08,https://www.lapresse.ca/arts/television/2022-02-08/propos-deplaces/un-commentateur-ecarte-des-jeux-olympiques.php,Propos déplacés | Un commentateur écarté des Jeux olympiques,AI,1.0,0.0,0.0
corpus-3-ia.csv,4439,3 GPT-6-luna,Hugo Dumas,une chronique télévision,2022-06-20,https://www.lapresse.ca/arts/chroniques/2022-06-20/finale-des-chefs/une-pate-a-l-encre-de-seiche-trop-seche.php,Finale des Chefs ! | Une pâte à l’encre de seiche trop sèche !,AI,1.0,0.0,0.0
corpus-3-ia.csv,5774,3 GPT-6-luna,Hugo Dumas,une chronique télévision,2022-06-07,https://www.lapresse.ca/arts/chroniques/2022-06-07/meme-sans-gateau-l-avenir-de-leo-est-beau.php,"Même sans gâteau, l’avenir de Léo est beau ! ",AI,1.0,0.0,0.0
corpus-3-ia.csv,4695,3 GPT-6-luna,Hugo Dumas,une chronique télévision,2022-01-13,https://www.lapresse.ca/arts/chroniques/2022-01-13/l-amour-est-dans-le-pre/la-machine-agricole-a-faire-des-bebes.php,L’amour est dans le pré | La machine agricole à faire des bébés,AI,1.0,0.0,0.0
corpus-3-ia.csv,5451,3 GPT-6-luna,Hugo Dumas,une chronique télévision,2022-06-15,https://www.lapresse.ca/arts/chroniques/2022-06-15/keep-sweet-pray-and-obey/sois-douce-obeis-et-marie-toi.php,"Keep Sweet – Pray and Obey | Sois douce, obéis et marie-toi ",AI,1.0,0.0,0.0
corpus-3-ia.csv,4965,3 GPT-6-luna,Hugo Dumas,une chronique télévision,2022-04-11,https://www.lapresse.ca/arts/chroniques/2022-04-11/star-academie/deux-concurrents-plus-tard-dans-les-maritimes.php,Star Académie | Deux concurrents plus tard dans les Maritimes,AI,1.0,0.0,0.0
corpus-3-ia.csv,5794,3 GPT-6-luna,Hugo Dumas,une chronique télévision,2022-02-19,https://www.lapresse.ca/arts/2022-02-19/relance-culturelle/enfin-sortir-les-choix-de-nos-chroniqueurs.php,Relance culturelle | Enfin sortir ! Les choix de nos chroniqueurs,AI,1.0,0.0,0.0
corpus-3-ia.csv,5427,3 GPT-6-luna,Thomas Gerbet,un reportage,2023-01-04,https://ici.radio-canada.ca/nouvelle/1945915/mckinsey-influence-canada-trudeau-immigration-conseils,"L’influence de McKinsey explose sous Trudeau, surtout à l’immigration | L'influence des cabinets-conseils",AI,1.0,0.0,0.0
corpus-3-ia.csv,5765,3 GPT-6-luna,Thomas Gerbet,un reportage,2019-03-18,https://ici.radio-canada.ca/nouvelle/1152023/lobbys-lobbyistes-centres-recherche-mapaq-ministere-agriculture-quebec,Des lobbyistes à la tête de la plupart des centres de recherche financés par le ministère de l’Agriculture,AI,1.0,0.0,0.0
corpus-3-ia.csv,4488,3 GPT-6-luna,Thomas Gerbet,un reportage,2022-07-15,https://ici.radio-canada.ca/nouvelle/1898316/fonderie-horne-contaminants-metaux-arsenic-nickel-plomb,Fonderie Horne : des tonnes de contaminants différents retombent sur Rouyn-Noranda | Arsenic Rouyn-Noranda,AI,1.0,0.0,0.0
corpus-3-ia.csv,5823,3 GPT-6-luna,Thomas Gerbet,un reportage,2023-01-14,https://ici.radio-canada.ca/nouvelle/1948188/firme-mckinsey-canada-ottawa-millions-contrats-ottawa,Les contrats octroyés à McKinsey dépassent 100 millions de dollars sous Justin Trudeau | L'influence des cabinets-conseils,AI,1.0,0.0,0.0
corpus-3-ia.csv,4756,3 GPT-6-luna,Thomas Gerbet,un reportage,2023-01-27,https://ici.radio-canada.ca/nouvelle/1951346/fonderie-horne-quebec-attestation-rouyn-arsenic-zone-tampon,Fonderie Horne : Québec veut une dépollution accélérée et le déplacement de maisons | Arsenic Rouyn-Noranda,AI,1.0,0.0,0.0
corpus-3-ia.csv,4130,3 GPT-6-luna,Thomas Gerbet,un reportage,2019-03-15,https://ici.radio-canada.ca/nouvelle/1158569/dessin-enfant-lettre-environnement-greve-manifestation-conseil-tresor-merlin-dube,"Avec son dessin, un enfant interpelle Québec sur le poids du budget de l'Environnement | Budget du Québec 2019",AI,1.0,0.0,0.0
corpus-3-ia.csv,4565,3 GPT-6-luna,Thomas Gerbet,un reportage,2023-01-13,https://ici.radio-canada.ca/nouvelle/1947953/quebec-solidaire-commission-parlementaire-mckinsey,Firme McKinsey : Québec solidaire veut faire témoigner 16 sous-ministres | L'influence des cabinets-conseils,AI,1.0,0.0,0.0
corpus-3-ia.csv,5889,3 GPT-6-luna,Thomas Gerbet,un reportage,2022-10-11,https://ici.radio-canada.ca/nouvelle/1914754/rouyn-noranda-ministere-environnement-glencore-arsenic,Fonderie Horne : Québec a attendu 8 jours avant d’inspecter un « immense nuage brun » | Arsenic Rouyn-Noranda,AI,1.0,0.0,0.0
corpus-3-ia.csv,5605,3 GPT-6-luna,Thomas Gerbet,un reportage,2022-08-18,https://ici.radio-canada.ca/nouvelle/1906364/fonderie-plan-action-2027-cadmium-nickel-plomb-rouyn,La Fonderie et Québec ne suivent pas toutes les recommandations de la santé publique | Arsenic Rouyn-Noranda,AI,1.0,0.0,0.0
corpus-3-ia.csv,6244,3 GPT-6-luna,Thomas Gerbet,un reportage,2019-05-01,https://ici.radio-canada.ca/nouvelle/1167285/marie-montpetit-andre-lamontagne-pesticides-ingerence-intervenants-capern,Pesticides : l'opposition accuse le ministre de l'Agriculture de s'ingérer dans la commission parlementaire,AI,1.0,0.0,0.0
corpus-3-ia.csv,4955,3 GPT-6-luna,Thomas Gerbet,un reportage,2019-05-09,https://ici.radio-canada.ca/nouvelle/1168835/inondation-sainte-marthe-sur-le-lac-milieux-humides-boise-ecole-zone-inondee,Une école en zone inondable? Sainte-Marthe-sur-le-Lac va reconsidérer sa décision | Crue printanière 2019,AI,1.0,0.0,0.0
corpus-3-ia.csv,4681,3 GPT-6-luna,Thomas Gerbet,un reportage,2021-04-12,https://ici.radio-canada.ca/nouvelle/1783908/universite-laurentienne-coupes-faillite-programmes-franco-ontariens,Université au bord de la faillite : le français écope encore en Ontario | Crise à l'Université Laurentienne,AI,1.0,0.0,0.0
corpus-3-ia.csv,4948,3 GPT-6-luna,Thomas Gerbet,un reportage,2021-10-07,https://ici.radio-canada.ca/nouvelle/1830042/dan-kraft-candidat-coderre-outremont,Les publications d’un candidat mettent l’équipe Coderre dans l’embarras | Élections municipales au Québec 2021,AI,1.0,0.0,0.0
corpus-3-ia.csv,4791,3 GPT-6-luna,Thomas Gerbet,un reportage,2022-07-21,https://ici.radio-canada.ca/nouvelle/1899469/fonderie-horne-environnement-pollution-rouyn-noranda-metaux,La Fonderie Horne contamine la faune et la flore à plus de 50 km de Rouyn-Noranda | Arsenic Rouyn-Noranda,AI,1.0,0.0,0.0
corpus-3-ia.csv,5427,3 GPT-6-luna,Thomas Gerbet,un reportage,2022-08-04,https://ici.radio-canada.ca/nouvelle/1903189/arsenic-gouvernement-juge-horne-atteindre-norme-quebecoise-rouyn-noranda,Arsenic : Québec juge pour la première fois que Rouyn-Noranda peut atteindre la norme | Arsenic Rouyn-Noranda,AI,1.0,0.0,0.0
corpus-3-ia.csv,5133,3 GPT-6-luna,Thomas Gerbet,un reportage,2022-10-26,https://ici.radio-canada.ca/nouvelle/1927738/mckinsey-hydro-quebec-consultants-barrages-affaires,Hydro-Québec a versé des millions de dollars à McKinsey pour l’aider à gérer ses barrages | L'influence des cabinets-conseils,AI,1.0,0.0,0.0
corpus-3-ia.csv,5689,3 GPT-6-luna,Thomas Gerbet,un reportage,2022-07-11,https://ici.radio-canada.ca/nouvelle/1897203/syndicat-fonderie-horne-pollution-rouyn-noranda-arsenic-stephane-larente,"Fonderie Horne : « entre l’arbre et l’écorce », les employés exigent la transparence | Arsenic Rouyn-Noranda",AI,1.0,0.0,0.0
corpus-3-ia.csv,4531,3 GPT-6-luna,Thomas Gerbet,un reportage,2022-09-30,https://ici.radio-canada.ca/nouvelle/1920666/mckinsey-quebec-covid-legault-gestion-pandemie,"Dans l’ombre, la firme McKinsey était au cœur de la gestion de la pandémie au Québec | L'influence des cabinets-conseils",AI,1.0,0.0,0.0
corpus-3-ia.csv,5516,3 GPT-6-luna,Thomas Gerbet,un reportage,2023-02-07,https://ici.radio-canada.ca/nouvelle/1954304/liens-mckinsey-banque-infrastructure-canada,Des liens étroits entre McKinsey et la Banque de l’infrastructure du Canada | L'influence des cabinets-conseils,AI,1.0,0.0,0.0
corpus-3-ia.csv,6552,3 GPT-6-luna,Thomas Gerbet,un reportage,2022-10-26,https://ici.radio-canada.ca/nouvelle/1927955/quebec-solidaire-gouvernement-provincial-legault-mckinsey,Québec solidaire demande à François Legault de dévoiler qui fait appel à McKinsey | L'influence des cabinets-conseils,AI,1.0,0.0,0.0
